,Label,ViralCentrality,importance
206,YaarDabestaani,752.0837572107894,17.562345
925,M005h00,723.9092550156291,9.329987
1006,H3ngam3h_h,578.935720792429,15.079839
0,HiwaTube,492.2974211551813,18.976252
684,hamiparvane,437.76024376016125,9.214519
154,agha_rashti2,341.55719828463714,19.065321
2123,azaadiiyeiraan7,204.94726907430623,11.209671
2714,farcrit,167.8851361400903,11.368879
1661,mobarez_nastooh,153.06060884236803,12.08066
260,VidaSarafraz,151.83899835370974,17.375645
2967,IspahbadhSina,87.03161028156757,12.401562
1422,5arhang,80.18870157846612,5.722877
1154,Walterakam,62.522713661164175,16.946651
831,cryptosamz,30.029035459883936,14.187104
1056,Redrighthand89,14.000857533559916,4.437212
76,IDFFarsi,7.783640596221253,14.245029
1630,tannaz13131313,6.55250788703459,12.346663
67,HananyaPersian,3.8918202981106265,13.793855
2055,pedarjun,0.0,1.0
2302,NaeimehDoustdar,0.0,1.0
2054,sunshine_h2018,0.0,1.0
2057,crozwalk,0.0,1.0
2053,2Ubbe,0.0,1.0
2052,bbln2024,0.0,1.0
2056,Sooresrafill,0.0,1.0
2061,NarrehKhar,0.0,1.0
2058,KhdyjK,0.0,1.0
2059,AliEbrahimzade_,0.0,1.0
2060,Maarjaun,0.0,1.0
2050,MahsaMalke34036,0.0,1.0
2062,shahrad55,0.0,1.0
2063,mobarazan57,0.0,1.0
2064,Mima_kapa,0.0,1.0
2065,Simorgh_News,0.0,1.0
2066,Krawallstein,0.0,1.0
2051,faryaddarkhafa1,0.0,1.0
2046,Azadeh_Afsahi,0.0,1.0
2049,ToukaNeyestani,0.0,1.0
2048,RanaDadpour,0.0,1.0
2029,IRN_GRL,0.0,1.0
2030,ShamgahEtemad,0.0,1.0
2031,JessieTheJudas,0.0,1.0
2032,Hasti_805,0.0,1.0
2033,ZZANewspaper,0.0,1.0
2034,mid141414,0.0,1.0
2035,sona02023,0.0,1.0
2036,Leo_mahiw,0.0,1.0
2037,ZakMountain1,0.0,1.0
2038,PrkKian,0.0,1.0
2039,iranintlsport,0.0,1.0
2040,arghavan402,0.0,1.0
2041,_SC82,0.0,1.0
2042,Ghazalam23,0.0,1.0
2043,SedayeShahrivar,0.0,1.0
2044,HVerkiany,0.0,1.0
2045,dHorsemanDeath,0.0,1.0
2068,VATANDOOST54,0.0,1.0
2047,swrs22974409,0.0,1.0
2067,DrStrangeIR,0.0,1.0
2070,sickfullllll,0.0,1.0
2069,fariba312,0.0,1.0
2027,Gerogan_57,0.0,1.0
2094,Mehr_mihan,0.0,1.0
2095,m4tinbeigi,0.0,1.0
2096,shobin1414,0.0,1.0
2097,HelenArjad,0.0,1.0
2098,N_I_E_N_T_E,0.0,1.0
2099,hadimehrane1,0.0,1.0
2100,euronews_pe,0.0,1.0
2101,USABehFarsi,0.0,1.0
2102,arsham_rezaee,0.0,1.0
2103,Rtaghizade,0.0,1.0
2104,SundayFutures,0.0,1.0
2105,wilson293364,0.0,1.0
2106,Nemo_Regnum,0.0,1.0
2107,Parinaz_ETSM,0.0,1.0
2108,hasanakevazir2,0.0,1.0
2109,KFravahar,0.0,1.0
2110,ADabestany,0.0,1.0
2111,Air0fFreedom,0.0,1.0
2112,etelaf10,0.0,1.0
2113,DrMRReza,0.0,1.0
2306,daryadarya2023,0.0,1.0
2093,Phoenixtrojan,0.0,1.0
2092,nasim_khoshdel,0.0,1.0
2091,emamjamkaroon,0.0,1.0
2080,ErfanSabeti,0.0,1.0
2071,scharminn,0.0,1.0
2072,MuradyDiako,0.0,1.0
2073,Abraham_jfz,0.0,1.0
2074,ivannkaramazof,0.0,1.0
2075,g_o_ldilocksir2,0.0,1.0
2076,modire_jang,0.0,1.0
2077,GolbargHaghgoo,0.0,1.0
2078,JaneBasiji_Ga,0.0,1.0
2079,arashcml,0.0,1.0
2081,truecoopspapa,0.0,1.0
2090,geraldpersian,0.0,1.0
2082,arash_shojaiann,0.0,1.0
2307,rezaraul7,0.0,1.0
2083,anticharandiat,0.0,1.0
2084,Afshar070239441,0.0,1.0
2085,ToomajSale53904,0.0,1.0
2086,BobChester666,0.0,1.0
2087,aryammehr3,0.0,1.0
2088,SeyedArmani,0.0,1.0
2089,baramosaa,0.0,1.0
2028,estemnayi1,0.0,1.0
2024,Azadlavasani,0.0,1.0
2026,siyahosefid990,0.0,1.0
1967,ACTBrigitte,0.0,1.0
1958,GNforWLF,0.0,1.0
1959,Pantea_t1,0.0,1.0
1960,golli_nmrk,0.0,1.0
1961,persianjewess,0.0,1.0
1962,StandWithUs,0.0,1.0
1963,iranhrs_en,0.0,1.0
1964,Aliberalbot,0.0,1.0
1965,KevinVuongMP,0.0,1.0
1966,SenMarcoRubio,0.0,1.0
1968,Avajahangiri,0.0,1.0
1956,OzraeliAvi,0.0,1.0
1969,IndexCensorship,0.0,1.0
1970,jack,0.0,1.0
1971,talhagin,0.0,1.0
1972,Vahid,0.0,1.0
1973,imrnamas,0.0,1.0
1974,caoilfhionnanna,0.0,1.0
1975,nationalpost,0.0,1.0
1976,amnestyitalia,0.0,1.0
1977,avraham_nir,0.0,1.0
1957,JJToji,0.0,1.0
1955,mamduamiri94,0.0,1.0
2025,IsraelArabic,0.0,1.0
1943,aatusaa1,0.0,1.0
1934,No_censure_,0.0,1.0
1935,torkaman72,0.0,1.0
1936,wntrintel,0.0,1.0
1937,VMehrannia,0.0,1.0
1938,CrimeLdn,0.0,1.0
1939,LalehBazargan,0.0,1.0
1940,McSaturday7,0.0,1.0
1941,BenWeinthal,0.0,1.0
1942,MattTheRat_,0.0,1.0
1944,artemi__ss,0.0,1.0
1954,IJCollective,0.0,1.0
1945,TRobinsonNewEra,0.0,1.0
1946,LucidIran,0.0,1.0
1947,anushashojai,0.0,1.0
1948,IVANI4N,0.0,1.0
1949,Nashville932,0.0,1.0
1950,PitchforkNo3,0.0,1.0
1951,AFreedomWarrior,0.0,1.0
1952,Siamak_Aram,0.0,1.0
1953,mikepompeo,0.0,1.0
1978,adameaval,0.0,1.0
1979,irbriefing,0.0,1.0
1980,kosareftekharii,0.0,1.0
2014,Amir_forughii,0.0,1.0
2005,EuropeInvasionn,0.0,1.0
2006,j98str,0.0,1.0
2007,alexharmstrong,0.0,1.0
2008,emilyhewertson,0.0,1.0
2009,GoldingBF,0.0,1.0
2010,MrWinMarshall,0.0,1.0
2011,WorldByWolf,0.0,1.0
2012,JackieMeek6,0.0,1.0
2013,GoneTroppo23,0.0,1.0
2015,RayTorabi8,0.0,1.0
1981,HBrandstaetter,0.0,1.0
2016,HyrcaniHRM,0.0,1.0
2017,makhbawash,0.0,1.0
2018,catalintenita,0.0,1.0
2019,Choobinsan,0.0,1.0
2020,BeniSabti,0.0,1.0
2021,chizesoorati,0.0,1.0
2022,Goftaniha,0.0,1.0
2023,Catjaan1,0.0,1.0
2115,SJA461,0.0,1.0
2004,TPointUK,0.0,1.0
2003,injanebamin,0.0,1.0
2002,FoxNews,0.0,1.0
2001,karimbeigi,0.0,1.0
1982,MarzieAdinezade,0.0,1.0
1983,JFSteinfeld,0.0,1.0
1984,SaeidianZahra,0.0,1.0
1985,sarahn1361,0.0,1.0
1986,KavehGhoreishi,0.0,1.0
1987,AICAlliance_,0.0,1.0
1988,psychotic_bat,0.0,1.0
1989,p1j22,0.0,1.0
1990,navidlondon031,0.0,1.0
1991,brjas2OO2,0.0,1.0
1992,samrajabii,0.0,1.0
1993,ApadanaTel,0.0,1.0
1994,DanyaliHamed,0.0,1.0
1995,DelbarTavakoli,0.0,1.0
1996,Behnaz610552955,0.0,1.0
1997,Pargol2020,0.0,1.0
1998,Dadylongleggpv,0.0,1.0
1999,bibinkarada,0.0,1.0
2000,______ALEF_____,0.0,1.0
2114,Sadegh_Hedayat7,0.0,1.0
2119,JC_Constantine,0.0,1.0
2116,MrJournaliste,0.0,1.0
2243,johnsmithofiran,0.0,1.0
2234,GoleAbi3,0.0,1.0
2235,sarayihastam,0.0,1.0
2236,athlete202122,0.0,1.0
2237,ftima_rz,0.0,1.0
2238,frggiiiee,0.0,1.0
2239,freetoomajnow,0.0,1.0
2240,FreedomBecon,0.0,1.0
2241,AnahitaMod39228,0.0,1.0
2242,NeoRezM,0.0,1.0
2244,SilenceVoice00,0.0,1.0
2232,eternity_2001,0.0,1.0
2245,hamalilalin,0.0,1.0
2246,NilloofarAbi,0.0,1.0
2247,Hakim62880888,0.0,1.0
2248,lila2052,0.0,1.0
2249,pouyajegarvnd,0.0,1.0
2250,asayrshgah,0.0,1.0
2251,ghoghayeSokoot,0.0,1.0
2252,ordii26,0.0,1.0
2253,NasserBabakhani,0.0,1.0
2233,Esh335C,0.0,1.0
2231,suspended2019,0.0,1.0
2209,Zakhvanetti,0.0,1.0
2219,sadi21_,0.0,1.0
2211,saraapoor,0.0,1.0
2212,glonesa,0.0,1.0
2213,Freeplatipous,0.0,1.0
2214,BarAndazAbadani,0.0,1.0
2215,kantianism_n,0.0,1.0
2216,shiganchina2,0.0,1.0
2217,mss_prisoner,0.0,1.0
2303,zane_azadeh1,0.0,1.0
2218,2ndravanparish,0.0,1.0
2220,lkhakbarsaretl,0.0,1.0
2230,ar_dpm88,0.0,1.0
2221,yasi_rahimi,0.0,1.0
2222,mohmdmahdig,0.0,1.0
2223,NickSotoudeh,0.0,1.0
2224,Nazdooneh76,0.0,1.0
2225,sayneversay3,0.0,1.0
2226,oaken__shield,0.0,1.0
2227,kaviani_aria,0.0,1.0
2228,mediahadis,0.0,1.0
2229,Saeedeh_Shafiei,0.0,1.0
2254,shadika88,0.0,1.0
2255,ghelichbatman,0.0,1.0
2256,alilaaaas,0.0,1.0
2290,miladb444,0.0,1.0
2281,carnfl,0.0,1.0
2282,JaneVatan,0.0,1.0
2283,khodabozorge,0.0,1.0
2284,asgharshiri2,0.0,1.0
2285,hamdrezz,0.0,1.0
2286,andfogle,0.0,1.0
2287,Iammariaak,0.0,1.0
2288,mohammadgntt,0.0,1.0
2289,europarlAV,0.0,1.0
2291,wlfnobody,0.0,1.0
2257,proximaton,0.0,1.0
2292,Mehdyarism,0.0,1.0
2293,Javanehazadi2,0.0,1.0
2294,AMIRAZA06540966,0.0,1.0
2295,Kamand08853952,0.0,1.0
2296,anosh3322,0.0,1.0
2297,bamdad2016irani,0.0,1.0
2298,Aref13091625,0.0,1.0
2299,fridaka96,0.0,1.0
2300,Zeidebastami,0.0,1.0
2280,NobelPrize,0.0,1.0
2279,InfoMansour,0.0,1.0
2278,ssdmanz,0.0,1.0
2277,BondarBidakhsh_,0.0,1.0
2258,adoniat,0.0,1.0
2259,jandarck60,0.0,1.0
2260,GhaediMh2,0.0,1.0
2261,KRadjabi,0.0,1.0
2262,MirzaeiMotahare,0.0,1.0
2263,farzad_bayan,0.0,1.0
2264,RPORED4,0.0,1.0
2265,Na_zzz_y,0.0,1.0
2266,AgnosticLiberal,0.0,1.0
2267,irandaratash,0.0,1.0
2268,Mah_Shaaad,0.0,1.0
2269,mahi___cr7,0.0,1.0
2270,money90094727,0.0,1.0
2271,Kian_sh26,0.0,1.0
2272,amir7gladbakh,0.0,1.0
2273,Minou_Banou,0.0,1.0
2274,Vicinocipresso,0.0,1.0
2275,WolfTrump2024,0.0,1.0
2276,Leilibazargan,0.0,1.0
2210,secular_d,0.0,1.0
2208,_ArshiaGerami_,0.0,1.0
2117,saltiti60,0.0,1.0
2151,sina_kh93,0.0,1.0
2142,Mansouram_1,0.0,1.0
2143,behzadm75,0.0,1.0
2144,nioscha1,0.0,1.0
2145,LiterallyPuf,0.0,1.0
2146,ghazalasg,0.0,1.0
2147,behroozrezaei61,0.0,1.0
2148,Nimpel_2,0.0,1.0
2149,partigiano47,0.0,1.0
2150,Elahe_Feminist,0.0,1.0
2152,maryan1810,0.0,1.0
2140,Amir60118403,0.0,1.0
2153,DamonHetfield,0.0,1.0
2154,DktrSdr,0.0,1.0
2155,rostockwahl,0.0,1.0
2156,EaglleKurdistan,0.0,1.0
2157,FaridehShahgoli,0.0,1.0
2158,ImNotMarsh,0.0,1.0
2159,Delgado4444,0.0,1.0
2160,Anonymouus_____,0.0,1.0
2161,Javanmardi75,0.0,1.0
2141,shinestar888,0.0,1.0
2139,mynameismahsaaa,0.0,1.0
2207,mr_yousefi_,0.0,1.0
2127,Raafegh,0.0,1.0
2118,goodbadatusa,0.0,1.0
2301,MrOblomof,0.0,1.0
2120,hashemasa,0.0,1.0
2121,zazzanone,0.0,1.0
2122,ebrahimi_mazyar,0.0,1.0
1932,gohar169,0.0,1.0
2124,MizrahiJew,0.0,1.0
2125,GeraldEurope,0.0,1.0
2126,Yaser_Akhtari,0.0,1.0
2128,manaartlover,0.0,1.0
2138,ltermehl,0.0,1.0
2129,Kermatos,0.0,1.0
2130,Nika_Sara_Thkr,0.0,1.0
2131,Zalzalak15,0.0,1.0
2132,msrevolte,0.0,1.0
2133,Heviaaaaa,0.0,1.0
2134,Zir_O_Rou,0.0,1.0
2135,Binava_ii,0.0,1.0
2136,mst12358132134,0.0,1.0
2137,titii80,0.0,1.0
2162,Alfredhitchbock,0.0,1.0
2305,bezarfekrkonam,0.0,1.0
2163,Mo0hix,0.0,1.0
2196,mohammadd4456,0.0,1.0
2187,foster_spar,0.0,1.0
2188,pesarejavoon,0.0,1.0
2189,forevermr_,0.0,1.0
2190,aghaayekaaf,0.0,1.0
2191,RAHBARMOVAGAT,0.0,1.0
2192,eliiii984,0.0,1.0
2193,sir_rocoo,0.0,1.0
2194,banosuozan,0.0,1.0
2195,famildooriiiiii,0.0,1.0
2197,seemorgh_anka,0.0,1.0
2304,Zeighamii,0.0,1.0
2198,unandu_,0.0,1.0
2199,hannaa______,0.0,1.0
2200,mmdmhd1ii_,0.0,1.0
2201,ADariush2536,0.0,1.0
2202,unrulified,0.0,1.0
2203,Saraa_Sepid,0.0,1.0
2204,SEpidar151,0.0,1.0
2205,koco_1923,0.0,1.0
2206,pasta_hastam,0.0,1.0
2186,alexi_lalass,0.0,1.0
2185,saly_121,0.0,1.0
2184,avatoday_news,0.0,1.0
2183,ARMiranF1,0.0,1.0
2164,parli731,0.0,1.0
2165,NastyPandi,0.0,1.0
2166,Shookarane,0.0,1.0
2167,VictoriousIran,0.0,1.0
2168,Neptunadastra,0.0,1.0
2169,saidhsp,0.0,1.0
2170,MolaniaHiwa,0.0,1.0
2171,Amirebrahi91824,0.0,1.0
2172,Victorious_20,0.0,1.0
2173,Dexter_mgn,0.0,1.0
2174,mahi3555,0.0,1.0
2175,HrNiko99,0.0,1.0
2176,cefalu1500,0.0,1.0
2177,rasshomal,0.0,1.0
2178,Kamangir_133,0.0,1.0
2179,lutrking,0.0,1.0
2180,zhina2019,0.0,1.0
2181,Ali_Sn13,0.0,1.0
2182,Sadaf__12,0.0,1.0
1933,KhoshroF,0.0,1.0
1926,robbystarbuck,0.0,1.0
1931,HarrietSergeant,0.0,1.0
1679,021Tehraan,0.0,1.0
1670,mehrdadbkhtiari,0.0,1.0
1671,siamakfarid,0.0,1.0
1672,bbcpersian,0.0,1.0
1673,1500tasvir_list,0.0,1.0
1674,saveeuropeanciv,0.0,1.0
1675,faryadeagahi,0.0,1.0
1676,zaki_manso29417,0.0,1.0
1677,shiriinii,0.0,1.0
1678,amir1apex,0.0,1.0
1680,eyesofsarina,0.0,1.0
1668,officer_Lew,0.0,1.0
1681,zargar1982,0.0,1.0
1682,Fr_Bechieau,0.0,1.0
1683,H_kiakojouri,0.0,1.0
1684,LaVanguardia,0.0,1.0
1685,Ramtinfatehi,0.0,1.0
1686,badaam1212,0.0,1.0
1687,RealDrAttari,0.0,1.0
1688,karenglasercopy,0.0,1.0
1689,ErfanNajafabadi,0.0,1.0
1669,USEnvoyIran,0.0,1.0
1667,NUFDIran,0.0,1.0
1691,JamesCleverly,0.0,1.0
1654,hanitaiii,0.0,1.0
1645,ReinaRezaie,0.0,1.0
1646,melaniejoly,0.0,1.0
1647,d_white_rabbit,0.0,1.0
1648,m_pourmohsen,0.0,1.0
1649,SarvinSabet,0.0,1.0
1650,Mohamad99209625,0.0,1.0
1651,FreeIranPeople1,0.0,1.0
1652,ps752justice,0.0,1.0
1653,KamHengi,0.0,1.0
1655,MasoodMasjoody,0.0,1.0
1666,SzabadonMagyar,0.0,1.0
1656,amnesty,0.0,1.0
1657,BabyfaceFz,0.0,1.0
1658,vahshate_shomam,0.0,1.0
1659,hengamehchoobin,0.0,1.0
1660,Elyas_Cile,0.0,1.0
1662,Xman1Simon,0.0,1.0
1663,Global_Mil_Info,0.0,1.0
1664,Emmanuel831908,0.0,1.0
1665,Timesofgaza,0.0,1.0
1690,MaryaMahmoodi,0.0,1.0
1692,heminhawrami,0.0,1.0
1643,Firouz_Naderi,0.0,1.0
1727,Vahid_Esfa_Shah,0.0,1.0
1718,napelunbonapart,0.0,1.0
1719,aydin_areta,0.0,1.0
1720,TavaanaTech,0.0,1.0
1721,voriaghafuri,0.0,1.0
1722,HFXforum,0.0,1.0
1723,4rd1t1,0.0,1.0
1724,Parpanchi,0.0,1.0
1725,javadch,0.0,1.0
1726,MorHogeg,0.0,1.0
1728,toomajam1,0.0,1.0
1716,JakeWSimons,0.0,1.0
1729,asmr9595amir,0.0,1.0
1730,Roz12307894322,0.0,1.0
1731,Kredo0,0.0,1.0
1732,GMMMM32,0.0,1.0
1733,iamramanzada,0.0,1.0
1734,Khosrowalikord2,0.0,1.0
1735,F7_Arash,0.0,1.0
1736,NickBuckleyMBE,0.0,1.0
1737,CENTCOMFarsi,0.0,1.0
1717,f3lf3ly2,0.0,1.0
1715,GOlVENUS,0.0,1.0
1693,Affogato1987,0.0,1.0
1703,OliLondonTV,0.0,1.0
1694,thestevennabil,0.0,1.0
1695,DharmaKarma369,0.0,1.0
1696,joel_rayburn,0.0,1.0
1697,MPPregent,0.0,1.0
1698,Nikoo_Golabaton,0.0,1.0
1699,GLNoronha,0.0,1.0
1700,pirezanhafhafo,0.0,1.0
1701,dashalivafaei,0.0,1.0
1702,MrDadsetan,0.0,1.0
1704,DagigiS9120,0.0,1.0
1714,AzatAlsalim,0.0,1.0
1705,ostovaran,0.0,1.0
1706,NorthWestFOI,0.0,1.0
1707,KGDOnline,0.0,1.0
1708,David_Cameron,0.0,1.0
1709,azadikhahaneir,0.0,1.0
1710,nooshabehamiri1,0.0,1.0
1711,misandristnaz,0.0,1.0
1712,HasanAliSalman1,0.0,1.0
1713,DrRebin93,0.0,1.0
1644,GhaviSisters,0.0,1.0
1642,maedeb9128,0.0,1.0
1739,mark_d_wallace,0.0,1.0
1581,StateDeptSpox,0.0,1.0
1572,iranhr,0.0,1.0
1573,Tsihanouskaya,0.0,1.0
1574,HanifJazayeri,0.0,1.0
1575,yashar,0.0,1.0
1576,itvnews,0.0,1.0
1577,SamRasoulpour,0.0,1.0
1578,CFWIJ,0.0,1.0
1579,BhFak46419,0.0,1.0
1580,3orkh,0.0,1.0
1582,kaveh_hdyt,0.0,1.0
1570,SenateForeign,0.0,1.0
1583,NazaninAJ,0.0,1.0
1584,DeGraeveWies,0.0,1.0
1585,soh362,0.0,1.0
1586,ErfanUND,0.0,1.0
1587,iSegaro,0.0,1.0
1588,ICHRI,0.0,1.0
1589,RohitKachrooITV,0.0,1.0
1590,arez198arez,0.0,1.0
1591,amirali_t2,0.0,1.0
1571,AmirwWeissbrod,0.0,1.0
1569,mersedeh_eye,0.0,1.0
1593,DanielBordmanOG,0.0,1.0
1557,RojanAzadi2,0.0,1.0
1548,SBahrami2022,0.0,1.0
1549,Pezhvaak1,0.0,1.0
1550,RepColinAllred,0.0,1.0
1551,MarinaMedvin,0.0,1.0
1552,RepTenney,0.0,1.0
1553,ITACHIOCHIHA66,0.0,1.0
1554,JewishMCR,0.0,1.0
1555,sara_masoudy,0.0,1.0
1556,sleepy_joe1,0.0,1.0
1558,ay_____l_ar,0.0,1.0
1568,SenatorClaire,0.0,1.0
1559,payaminekoo,0.0,1.0
1560,KavehMadani,0.0,1.0
1561,kalbalouchi,0.0,1.0
1562,Balochm96Ahmad,0.0,1.0
1563,AnneEstellaRock,0.0,1.0
1564,AzadanSoroush,0.0,1.0
1565,Baran_Macan,0.0,1.0
1566,theomen1978,0.0,1.0
1567,simin75689455,0.0,1.0
1592,SalmanSima,0.0,1.0
1594,payoshiya,0.0,1.0
1641,1500tasvir_en,0.0,1.0
1629,Mobak9020,0.0,1.0
1620,tonddarr,0.0,1.0
1621,khosrokhan05,0.0,1.0
1622,masen2559,0.0,1.0
1623,Ayshyshaki,0.0,1.0
1624,Aghaye_V_,0.0,1.0
1625,Sunny_Azadi,0.0,1.0
1626,jinaroosta,0.0,1.0
1627,SoroushRabiei,0.0,1.0
1628,iranianuc,0.0,1.0
1631,MitraHejazipour,0.0,1.0
1618,Myrtle320712581,0.0,1.0
1632,ShahGangsta,0.0,1.0
1633,SimonFrank2023,0.0,1.0
1634,daniela_sepehri,0.0,1.0
1635,sayajm85,0.0,1.0
1636,TheHarrisSultan,0.0,1.0
1637,TheLordChung,0.0,1.0
1638,Amoo_Sibiloo,0.0,1.0
1639,OALD24,0.0,1.0
1640,reza_shafakhah,0.0,1.0
1619,GermanShirazi,0.0,1.0
1617,foad_choobin,0.0,1.0
1595,simonwiesenthal,0.0,1.0
1605,Robiin_Hoodx,0.0,1.0
1596,keithwolahan,0.0,1.0
1597,Sheila75690425,0.0,1.0
1598,expatsunleashed,0.0,1.0
1599,NazaninBoniadi,0.0,1.0
1600,anitavandenbeld,0.0,1.0
1601,i24NEWS_EN,0.0,1.0
1602,CaroWagner_in,0.0,1.0
1603,aboliam33,0.0,1.0
1604,mlhobbyist,0.0,1.0
1606,truskesadeghi,0.0,1.0
1616,abban98192288,0.0,1.0
1607,Faribatehrani4,0.0,1.0
1608,BijanSazesh,0.0,1.0
1609,roohkhaste,0.0,1.0
1610,khademinaryyyy,0.0,1.0
1611,JamaatMohamad,0.0,1.0
1612,nixonfoundation,0.0,1.0
1613,kaveh_shirzad,0.0,1.0
1614,isarpishan,0.0,1.0
1615,anti_mollah,0.0,1.0
1738,pouyamazloomi,0.0,1.0
1740,senateur61,0.0,1.0
1930,hra_news,0.0,1.0
1871,Limportant_fr,0.0,1.0
1862,KMooreGilbert,0.0,1.0
1863,LisaDaftari,0.0,1.0
1864,20RAPcom,0.0,1.0
1865,mariam_claren,0.0,1.0
1866,farazpartoei,0.0,1.0
1867,ShahinModarres,0.0,1.0
1868,lukas_hammer,0.0,1.0
1869,SkyNews,0.0,1.0
1870,radiojibi,0.0,1.0
1872,GBNEWS,0.0,1.0
1860,EdaalateAli1400,0.0,1.0
1873,Salwan_Momika1,0.0,1.0
1874,tiregheib,0.0,1.0
1875,Mohammad_eb_86,0.0,1.0
1876,MahMan08,0.0,1.0
1877,Peaky_991,0.0,1.0
1878,Arman_Nouriyan,0.0,1.0
1879,BardiaMousavi_,0.0,1.0
1880,Rass181818,0.0,1.0
1881,thisismeaban,0.0,1.0
1861,solysolz,0.0,1.0
1859,Havajegilan,0.0,1.0
1883,AdinHaykin1,0.0,1.0
1847,MohammadSigari,0.0,1.0
1838,HayleyMarshallQ,0.0,1.0
1839,Teeegra,0.0,1.0
1840,MosalaeiHomeira,0.0,1.0
1841,Saman15216939,0.0,1.0
1842,DavidADaoud,0.0,1.0
1843,rezaeipanah1,0.0,1.0
1844,Robonass,0.0,1.0
1845,hediekimiaee,0.0,1.0
1846,habibi_uk,0.0,1.0
1848,DamonMacWilson,0.0,1.0
1858,arash_aa64,0.0,1.0
1849,mitraasef15015,0.0,1.0
1850,shazde777,0.0,1.0
1851,besmaili,0.0,1.0
1852,MonirehKazemi,0.0,1.0
1853,FarinAylin,0.0,1.0
1854,ZinMarAungNUG,0.0,1.0
1855,Farrrsh,0.0,1.0
1856,_sarinaez_,0.0,1.0
1857,dw_persian,0.0,1.0
1882,GhazalRanjkesh,0.0,1.0
1884,SasanChx,0.0,1.0
1836,vantweet99,0.0,1.0
1919,NilofarMoradi2,0.0,1.0
1910,claire_jungman,0.0,1.0
1911,inlakech77,0.0,1.0
1912,iranhrs99,0.0,1.0
1913,daneshjo_pishro,0.0,1.0
1914,i_am_pooya,0.0,1.0
1915,shiraninaroui,0.0,1.0
1916,moradyw,0.0,1.0
1917,anar_khanoom,0.0,1.0
1918,aban_khoonin,0.0,1.0
1920,Ostrov_A,0.0,1.0
1908,iranfreedom45,0.0,1.0
1921,TalkFifi,0.0,1.0
1922,Amin_64A98,0.0,1.0
1923,atari74930106,0.0,1.0
1924,amirkhanbackup,0.0,1.0
1925,TheDrIman,0.0,1.0
2309,wheeee71,0.0,1.0
1927,purgat,0.0,1.0
1928,Azadeh_Moshiri,0.0,1.0
1929,Kasparov63,0.0,1.0
1909,sobhanyasin,0.0,1.0
1907,hengamshahidi,0.0,1.0
1885,YLShyn,0.0,1.0
1895,GEsfandiari,0.0,1.0
1886,KamranMalekpour,0.0,1.0
1887,bella_s369,0.0,1.0
1888,FunkyMe4Now,0.0,1.0
1889,AzadiTeheran,0.0,1.0
1890,Navid___Azadi,0.0,1.0
1891,Channel4News,0.0,1.0
1892,OzerNazlii,0.0,1.0
1893,siamak_tadayon,0.0,1.0
1894,krishgm,0.0,1.0
1896,UANI,0.0,1.0
1906,arash_joudaki,0.0,1.0
1897,channeldraw,0.0,1.0
1898,hurryupharry,0.0,1.0
1899,shahram_sab,0.0,1.0
1900,chavoshi1,0.0,1.0
1901,ScottBaughCA47,0.0,1.0
1902,elinashirazi,0.0,1.0
1903,ShireenMKMA1,0.0,1.0
1904,balochcampaign,0.0,1.0
1905,FardadFarahzad,0.0,1.0
1837,HilDA4535,0.0,1.0
1835,AthensTavanna,0.0,1.0
1741,skamalinia,0.0,1.0
1775,khosrowsb,0.0,1.0
1766,JavananIran1,0.0,1.0
1767,RepMillsPress,0.0,1.0
1768,sss_parisa,0.0,1.0
1769,thijsreuten,0.0,1.0
1770,tintinsnowy_,0.0,1.0
1771,marcorubio,0.0,1.0
1772,DTehrany,0.0,1.0
1773,mehdisasver,0.0,1.0
1774,MessageFromLen,0.0,1.0
1776,KeiEsmaeilpour,0.0,1.0
1764,SedSia,0.0,1.0
1777,SEskandarii,0.0,1.0
1778,ataeiai,0.0,1.0
1779,sabermalekraisi,0.0,1.0
1780,JimLaFleur10,0.0,1.0
1781,Nick_Alishah,0.0,1.0
1782,StewGlobal,0.0,1.0
1783,Mahdi67Fafa,0.0,1.0
1784,fSxjcIhOMQxSEE2,0.0,1.0
1785,AlArabiya_Fa,0.0,1.0
1765,Osint613,0.0,1.0
1763,SteveL_99,0.0,1.0
1787,AliEhsassi,0.0,1.0
1751,DietmarBartsch,0.0,1.0
1742,BBCBreaking,0.0,1.0
1743,ShekarrrPanirrr,0.0,1.0
1744,PatrickBWeiler,0.0,1.0
1745,Sarah_Wyss,0.0,1.0
1746,sherrysh12,0.0,1.0
1747,Erfanmusic,0.0,1.0
1748,vakilroaya,0.0,1.0
1749,OSO_Arash,0.0,1.0
1750,jilamostajer,0.0,1.0
1752,mahsairani44,0.0,1.0
1762,AmmarMaleki,0.0,1.0
1753,sanazcartoon,0.0,1.0
1754,Meysam73203915,0.0,1.0
1755,_raisininthesun,0.0,1.0
1756,BradSherman,0.0,1.0
1757,hamedborass,0.0,1.0
1758,GlobalBC,0.0,1.0
1759,MedissTavakoli,0.0,1.0
1760,Ausiran_org,0.0,1.0
1761,golnar_sharifii,0.0,1.0
1786,morvari52612932,0.0,1.0
1788,Maraalxx,0.0,1.0
1834,WalidPhares,0.0,1.0
1823,InternetMiles,0.0,1.0
1814,zanzanza6789,0.0,1.0
1815,mohammadsoltann,0.0,1.0
1816,RAMINKANTAL,0.0,1.0
1817,KhosroIsfahani,0.0,1.0
1818,DrSeldon,0.0,1.0
1819,Jerusalem_Post,0.0,1.0
1820,NatalieAmiri,0.0,1.0
1821,mostafaa_karimi,0.0,1.0
1822,Mehrnoosh,0.0,1.0
1824,Unforgiven1371,0.0,1.0
1812,znbrahimi,0.0,1.0
1825,CxZIVhIksbFcr37,0.0,1.0
1826,BabakTaghvaee1,0.0,1.0
1827,AstroJaws,0.0,1.0
1828,4dr_tara,0.0,1.0
1829,SSoparo,0.0,1.0
1830,DavidDavid44401,0.0,1.0
1831,SirAleQtheGreat,0.0,1.0
1832,iranenazila,0.0,1.0
1833,Ardeshirz,0.0,1.0
1813,AmbJohnBolton,0.0,1.0
1811,IranRevReport,0.0,1.0
1789,sazanist40,0.0,1.0
1799,Hamidasadi42390,0.0,1.0
1790,Habeh2023,0.0,1.0
1791,hirbodhuman,0.0,1.0
1792,amunima,0.0,1.0
1793,israel_advocacy,0.0,1.0
1794,Roozbeh2666,0.0,1.0
1795,Despicable_Man,0.0,1.0
1796,footballibodam,0.0,1.0
1797,liloramdohr,0.0,1.0
1798,Bahar_e_Azadi,0.0,1.0
1800,anti_dictatoris,0.0,1.0
1810,JoeTruzman,0.0,1.0
1801,AsaadHannaa,0.0,1.0
1802,legallybrief,0.0,1.0
1803,ISefati,0.0,1.0
1804,JJSUKUNA,0.0,1.0
1805,punkpater,0.0,1.0
1806,freeGirlfreefem,0.0,1.0
1807,metpoliceuk,0.0,1.0
1808,SalgardMahsa,0.0,1.0
1809,TheGreatCyrusII,0.0,1.0
2308,SiamakEidin,0.0,1.0
2313,pouriy4,0.0,1.0
2310,reza_hamouleh,0.0,1.0
2311,amiiirhosseein,0.0,1.0
2817,dorbar,0.0,1.0
2818,XAVIAERD,0.0,1.0
2819,Safiaa_Nazari,0.0,1.0
2820,HiRezTheRapper,0.0,1.0
2821,yoavkaufman,0.0,1.0
2822,MichaelRapaport,0.0,1.0
2823,LauraLoomer,0.0,1.0
2824,baqeri_meisam,0.0,1.0
2825,fat_partisan,0.0,1.0
2826,SepehriHamed,0.0,1.0
2827,pastjii,0.0,1.0
2828,ramtin5790asli,0.0,1.0
2829,JenayatNews,0.0,1.0
2830,Zapatacousin,0.0,1.0
2831,Kasraahmadi13,0.0,1.0
2832,naghi4tweeter,0.0,1.0
2833,powerpeople_,0.0,1.0
2834,Vaghefiiman,0.0,1.0
2835,ali_mp2018,0.0,1.0
2836,belonde_bald,0.0,1.0
2837,hastibarb,0.0,1.0
2816,siamakrahmani2,0.0,1.0
2815,Naser_alhokama,0.0,1.0
2814,smmirkhani,0.0,1.0
2802,truthandfiction,0.0,1.0
2793,JackPosobiec,0.0,1.0
2794,DVATW,0.0,1.0
2795,pariar__,0.0,1.0
2796,ZechariahSharab,0.0,1.0
2797,UltraDane,0.0,1.0
2798,hirshsaidian,0.0,1.0
2799,AngryyyyEastern,0.0,1.0
2800,Skasher,0.0,1.0
2801,ksorbs,0.0,1.0
2803,AbdugheniSabit,0.0,1.0
2813,raviagrawal3,0.0,1.0
2804,afromike76,0.0,1.0
2805,herbertgreg8,0.0,1.0
2806,Jesvinquotes,0.0,1.0
2807,MorganOrtagus,0.0,1.0
2808,PDKIfarsi,0.0,1.0
2809,sina_jahaani,0.0,1.0
2810,ChattanoogaRes1,0.0,1.0
2811,ASN83,0.0,1.0
2812,iambnavi,0.0,1.0
2838,DrewPavlou,0.0,1.0
2839,Yampeleg,0.0,1.0
2840,hamid_rav4,0.0,1.0
2875,ali_h7521,0.0,1.0
2866,Ahmad_12jr,0.0,1.0
2867,SallyMayweather,0.0,1.0
2868,TheChelseaForum,0.0,1.0
2869,dr_ali_shojaei,0.0,1.0
2870,brgsht8970,0.0,1.0
2871,mohammadparsi1,0.0,1.0
2872,aliabyane,0.0,1.0
2873,abdolah_abdi,0.0,1.0
2874,MohamadiniaAli,0.0,1.0
2876,jijilack,0.0,1.0
2864,goddesofhope,0.0,1.0
2877,RayMegah,0.0,1.0
2878,jordanbpeterson,0.0,1.0
2879,HedayatiMe,0.0,1.0
2880,mhnajmi64,0.0,1.0
2881,ehsan_soltani,0.0,1.0
2882,grandoldmemes,0.0,1.0
2883,fardinioo,0.0,1.0
2884,Saeed48920740,0.0,1.0
2885,inbarspace,0.0,1.0
2865,arnaghshbandi,0.0,1.0
2863,avengingX,0.0,1.0
2841,HananyaNaftali,0.0,1.0
2851,letodiona,0.0,1.0
2842,kingof0011,0.0,1.0
2843,Arsam_69,0.0,1.0
2844,masoud_bazmara,0.0,1.0
2845,arizenevis,0.0,1.0
2846,Sheyshey1367,0.0,1.0
2847,MirabelleW18,0.0,1.0
2848,validsource20,0.0,1.0
2849,baharlooe,0.0,1.0
2850,studio_1357,0.0,1.0
2852,tabanejad,0.0,1.0
2862,Michael_Wgd,0.0,1.0
2853,Amir_Galavani,0.0,1.0
2854,nazaninmorabba,0.0,1.0
2855,VividProwess,0.0,1.0
2856,TigayBarry,0.0,1.0
2857,Mqadi99,0.0,1.0
2858,fulooode,0.0,1.0
2859,TheNihlOnExile,0.0,1.0
2860,IRAJ2020,0.0,1.0
2861,KTHopkins,0.0,1.0
2792,Shakibafarnam2,0.0,1.0
2791,griswold,0.0,1.0
2790,Rezaie1982Mrr,0.0,1.0
2730,HaniBouraghi,0.0,1.0
2721,GuntherEagleman,0.0,1.0
2722,StopAntisemites,0.0,1.0
2723,mahyarq,0.0,1.0
2724,RobertKennedyJr,0.0,1.0
2725,Ayaan,0.0,1.0
2726,SOULN002,0.0,1.0
2727,RealJamesWoods,0.0,1.0
2728,MrAndyNgo,0.0,1.0
2729,tired_phantom,0.0,1.0
2731,Efune,0.0,1.0
2719,ElonMuskAOC,0.0,1.0
2732,adielofisrael,0.0,1.0
2733,YossiGoldstein8,0.0,1.0
2734,AuschwitzMuseum,0.0,1.0
2735,shaig,0.0,1.0
2736,JustinHaubrich,0.0,1.0
2737,Jael7102,0.0,1.0
2738,Dalia4Congress,0.0,1.0
2739,kiyahwillis,0.0,1.0
2740,HilzFuld,0.0,1.0
2720,hillary__vaughn,0.0,1.0
2718,WallStreetSilv,0.0,1.0
2742,yairlapid,0.0,1.0
2705,dragonerdx,0.0,1.0
2696,AussieInspector,0.0,1.0
2697,kingmidasekhar,0.0,4.38201
2698,illuminattiiiii,0.0,1.0
2699,lastphoneix777,0.0,1.0
2700,Chimmmich,0.0,1.0
2701,mikayilh03,0.0,1.0
2702,sorcererseducer,0.0,1.0
2703,emhaash,0.0,1.0
2704,Soheil_alamiri,0.0,1.0
2706,dneeyin,0.0,1.0
2717,menavisualss,0.0,1.0
2707,souzangar,0.0,1.0
2708,Saeed1991apr,0.0,1.0
2709,BuyniYgun,0.0,1.0
2710,zobeyd_e_akani,0.0,1.0
2711,_Rainy_Boi,0.0,1.0
2712,AminAnvary,0.0,1.0
2713,abbcccz,0.0,1.0
2715,Tanasoli_Return,0.0,1.0
2716,geertwilderspvv,0.0,1.0
2741,gettylegion,0.0,1.0
2743,DuncanGray,0.0,1.0
2789,edleonklinger,0.0,1.0
2778,marlon00866335,0.0,1.0
2769,artahermes,0.0,1.0
2770,LiberalMilei27,0.0,1.0
2771,Amardiyamm,0.0,1.0
2772,bennyjohnson,0.0,1.0
2773,RabbiShmuley,0.0,1.0
2774,tovaherskovitz,0.0,1.0
2775,Rasa1403,0.0,1.0
2776,iFightForKids,0.0,1.0
2777,SepideJandaghi,0.0,1.0
2779,MohaIzadi,0.0,1.0
2767,GazaHealth,0.0,1.0
2780,shahriyarkf,0.0,1.0
2781,Israelkicksass,0.0,1.0
2782,DanelBenNamer,0.0,1.0
2783,McGarry1731,0.0,1.0
2784,AminAkramipour,0.0,1.0
2785,alidikafraz,0.0,1.0
2786,HertfordshireI,0.0,1.0
2787,samiir_909,0.0,1.0
2788,ZahaakMardoosh,0.0,1.0
2768,Manijock,0.0,1.0
2766,tsoofbaror,0.0,1.0
2744,ofirgendelman,0.0,1.0
2754,EretzIsrael,0.0,1.0
2745,aniimal_lover,0.0,1.0
2746,ahoora004,0.0,1.0
2747,max_mad777,0.0,1.0
2748,EylonALevy,0.0,1.0
2749,StupidJalal,0.0,1.0
2750,IsraelinNewYork,0.0,1.0
2751,DeborahProudJew,0.0,1.0
2752,fcpii_official,0.0,1.0
2753,liorsela,0.0,1.0
2755,Imamofpeace,0.0,1.0
2765,JachnunEmpire,0.0,1.0
2756,BillboardChris,0.0,1.0
2757,AviKaner,0.0,1.0
2758,jimmydeputy,0.0,1.0
2759,PamelaGeller,0.0,1.0
2760,Shayaniism,0.0,1.0
2761,Nervana_1,0.0,1.0
2762,PeterSweden7,0.0,1.0
2763,GonenYonatan,0.0,1.0
2764,lion_4_zion,0.0,1.0
2886,BehrangBabak,0.0,1.0
2887,kochar_ir,0.0,1.0
2888,PesareKourosh,0.0,1.0
3020,North_Forebilth,0.0,1.0
3011,sapphire18_,0.0,1.0
3012,Zakhe93,0.0,1.0
3013,CatShoshanna,0.0,1.0
3014,manakibros,0.0,1.0
3015,dyswn377418,0.0,1.0
3016,QXMRD,0.0,1.0
3017,Sinnerlondon,0.0,1.0
3018,Carlos__Khan,0.0,1.0
3019,AshkanHaifa,0.0,1.0
3021,ahmdakk,0.0,1.0
3009,ReallyRosalie,0.0,1.0
3022,ayazi_kamran,0.0,1.0
3023,khansarinia,0.0,1.0
3024,pumpdwight,0.0,1.0
3025,Am1rone2,0.0,1.0
3026,ashkanekh,0.0,1.0
3027,sweetwordsvaez,0.0,1.0
3028,persona7even7,0.0,1.0
3029,XiyueWang9,0.0,1.0
3030,Sara_pl_ir,0.0,1.0
3010,sababagherii,0.0,1.0
3008,baviarthur,0.0,1.0
3032,Gen_Pinuchet,0.0,1.0
2996,callmer_ya,0.0,1.0
2987,azarthepersian,0.0,1.0
2988,bangekabir,0.0,1.0
2989,Chahdortt,0.0,1.0
2990,fellows2582,0.0,1.0
2991,SsIiNnAaIRan,0.0,1.0
2992,NoaMagid,0.0,1.0
2993,tiiimsar,0.0,1.0
2994,bjorkpap,0.0,1.0
2995,AryanRapist1920,0.0,1.0
2997,StArian_97,0.0,1.0
3007,NegevistIWI,0.0,1.0
2998,sanshothebailif,0.0,1.0
2999,BearVAK,0.0,1.0
3000,Sepehr_TheNK,0.0,1.0
3001,zakaHQ,0.0,1.0
3002,its_only_me06,0.0,1.0
3003,amirmoghadam_ir,0.0,1.0
3004,kirtopalestine,0.0,1.0
3005,jimy1__neutron,0.0,1.0
3006,MasihExperience,0.0,1.0
3031,ShahryarShefigh,0.0,1.0
3033,Silmaethdante,0.0,1.0
2985,Y0L0ISM,0.0,1.0
3068,LiberdadeMulher,0.0,1.0
3059,_af_ra_v,0.0,1.0
3060,RastVaIrani,0.0,1.0
3061,JComm_NewsFeeds,0.0,1.0
3062,awes_spad,0.0,1.0
3063,nypost,0.0,1.0
3064,lIshaghayeghlI,0.0,1.0
3065,TrumpIranians,0.0,1.0
3066,MeghUpdates,0.0,1.0
3067,Ehsaaan93,0.0,1.0
3069,erteash9,0.0,1.0
3057,Michael_Lipin,0.0,1.0
3070,_manticore_,0.0,1.0
3071,twiterrism819,0.0,1.0
3072,MaymoonMast,0.0,1.0
3073,sourenasanto,0.0,1.0
3074,ApostateProphet,0.0,1.0
3075,politicalelle,0.0,1.0
3076,israelifihther,0.0,1.0
3077,RabbiApproves,0.0,1.0
3078,Israel_katz,0.0,1.0
3058,THEREALJEW613,0.0,1.0
3056,NedaGh9,0.0,1.0
3034,hey_itsmyturn,0.0,1.0
3044,israeliamerican,0.0,1.0
3035,KafirKish,0.0,1.0
3036,BaghanianPiruz,0.0,1.0
3037,daniel02667,0.0,1.0
3038,ascendorrope,0.0,1.0
3039,beit_Hmikdash,0.0,1.0
3040,WorriedEric,0.0,1.0
3041,IAFsite,0.0,1.0
3042,lilith965965,0.0,1.0
3043,Connman6669,0.0,1.0
3045,Silver19967452,0.0,1.0
3055,NewSamawal,0.0,1.0
3046,LibertyIranian,0.0,1.0
3047,IntelliTimes,0.0,1.0
3048,hanaa411448,0.0,1.0
3049,famp137,0.0,1.0
3050,AssociatedFress,0.0,1.0
3051,whatthefawz,0.0,1.0
3052,justresearcher,0.0,1.0
3053,yoavgallant,0.0,1.0
3054,IsraeliPM,0.0,1.0
2986,armzozan31,0.0,1.0
2984,superzanl,0.0,1.0
2889,mansourinanloo,0.0,1.0
2923,davidmdraiman,0.0,1.0
2914,craigscolorado,0.0,1.0
2915,cb_doge,0.0,1.0
2916,MalkahFleisher,0.0,1.0
2917,ACathleen3,0.0,1.0
2918,itsmichalll,0.0,1.0
2919,MomsPostingLs,0.0,1.0
2920,ToonDazza,0.0,1.0
2921,WokelyCorrect,0.0,1.0
2922,EllaTravelsLove,0.0,1.0
2924,RepWilliams,0.0,1.0
2912,MarcMillerVM,0.0,1.0
2925,BPUnion,0.0,1.0
2926,mmorfiin3,0.0,1.0
2927,MikeCrispi,0.0,1.0
2928,Mosolchi,0.0,15.98248
2929,burkov,0.0,1.0
2930,CarlosSimancas,0.0,1.0
2931,TheIslamHub,0.0,1.0
2932,Fxhedgers,0.0,1.0
2933,JudiciaryGOP,0.0,1.0
2913,ImamToosi,0.0,1.0
2911,5luckyfingers,0.0,1.0
2935,rostami2b,0.0,1.0
2899,DetectivePiyJey,0.0,1.0
2890,Maryammiiiii,0.0,1.0
2891,aria_ultras,0.0,1.0
2892,h4nni64l,0.0,1.0
2893,Konandeh,0.0,1.0
2894,eacarer,0.0,1.0
2895,joyfulbedbug,0.0,1.0
2896,marziahussaini0,0.0,1.0
2897,cremieuxrecueil,0.0,1.0
2898,mahdy_asady,0.0,1.0
2900,HumansNoContext,0.0,1.0
2910,ShitpostGate,0.0,1.0
2901,Jordan_2nd,0.0,1.0
2902,catturd2,0.0,1.0
2903,kyrixermis,0.0,1.0
2904,michaeldickson,0.0,1.0
2905,abierkhatib,0.0,1.0
2906,orenbarsky,0.0,1.0
2907,LollllllaJR,0.0,1.0
2908,rish_germez,0.0,1.0
2909,Gerashchenko_en,0.0,1.0
2934,ClownWorld_,0.0,1.0
2936,la_roshfoko,0.0,1.0
2983,afshineemrani,0.0,1.0
2972,YasMohammedxx,0.0,1.0
2962,k63157132,0.0,1.0
2963,sam9i8,0.0,1.0
2964,manjizhastam,0.0,1.0
2965,nadiajr10_,0.0,1.0
2966,Hame_Chizdan,0.0,1.0
2968,PingouinHeureux,0.0,1.0
2969,MehranAzTehrann,0.0,1.0
2970,laliSA__79,0.0,1.0
2971,SabriBokht,0.0,1.0
2973,noonbarbariii,0.0,1.0
2960,Led_Tassov,0.0,1.0
2974,ZoroastersChild,0.0,1.0
2975,Rast_O_Irani,0.0,1.0
2976,persianoomer,0.0,1.0
2977,khandan__,0.0,1.0
2978,gaurdianofwater,0.0,1.0
2979,lidiaa_aguilar,0.0,1.0
2980,YasamanKhodajo,0.0,1.0
2981,618340878175g,0.0,1.0
2982,Amud_Raa,0.0,1.0
2961,MaldiniAgent,0.0,1.0
2959,moltafalireza,0.0,1.0
2937,NamelessGuts,0.0,1.0
2947,SMostafaMoosavi,0.0,1.0
2938,sakueedr7,0.0,1.0
2939,AhooyePorKeresh,0.0,1.0
2940,Animebazi,0.0,4.215669
2941,moohammadmajidi,0.0,1.0
2942,fosil_,0.0,1.0
2943,wirgol_,0.0,1.0
2944,Pz_kommandant,0.0,1.0
2945,marketexpertir,0.0,1.0
2946,mehrodadm,0.0,1.0
2948,cristoball1111,0.0,1.0
2958,Soheilkhan,0.0,1.0
2949,MajidKasiri,0.0,1.0
2950,Mohammad_kali,0.0,1.0
2951,shayanLM10,0.0,1.0
2952,eatashi803,0.0,1.0
2953,Abooooolfazl,0.0,1.0
2954,mey_monik,0.0,1.0
2955,Amir_tatatio,0.0,1.0
2956,Lavender_F_002,0.0,1.0
2957,torojoonemola,0.0,1.0
2695,mojtabapourbakh,0.0,1.0
2694,BenSusaaa,0.0,1.0
2693,Aghabgard,0.0,1.0
2441,iranrioter,0.0,1.0
2432,sina_mim,0.0,1.0
2433,Usebashi,0.0,1.0
2434,Gazza_B8,0.0,1.0
2435,maria74rzi,0.0,1.0
2436,hadissabouri,0.0,1.0
2437,zahraa_hajii,0.0,1.0
2438,AyatollahOzmaAn,0.0,1.0
2439,Seniori18379849,0.0,1.0
2440,orcica,0.0,1.0
2442,Tommyshofazhi,0.0,1.0
2430,Anahid9854,0.0,1.0
2443,sohrabkarimi5,0.0,1.0
2444,Bbahamundoxtre1,0.0,1.0
2445,Taraneui,0.0,1.0
2446,feyzaltun,0.0,1.0
2447,humanrightsir1,0.0,1.0
2448,fighte____r,0.0,1.0
2449,NavVviiD,0.0,1.0
2450,Yn3082,0.0,1.0
2451,disappointedft,0.0,1.0
2431,with_a_pear,0.0,1.0
2429,ManUtd_FA,0.0,1.0
2453,Welamkondige,0.0,1.0
2417,Sarah_Kazeemi,0.0,1.0
2408,__li_i__,0.0,1.0
2409,RROODD88,0.0,1.0
2410,Ladynimeshab,0.0,1.0
2411,qorashi,0.0,1.0
2412,moyashkalaf,0.0,1.0
2413,Rfrenss,0.0,1.0
2414,shehramelyasi51,0.0,1.0
2415,rahbar001,0.0,1.0
2416,MrAmir_30,0.0,1.0
2418,Milad417,0.0,1.0
2428,nashenas012,0.0,1.0
2419,khodeshmR,0.0,1.0
2420,sabz7076,0.0,1.0
2421,ZafarHeretic,0.0,1.0
2422,ShokriaSameem,0.0,1.0
2423,mulan752,0.0,1.0
2424,nakcama,0.0,1.0
2425,1mobarezaziran,0.0,1.0
2426,Nazaninautumn,0.0,1.0
2427,LaadKalus,0.0,1.0
2452,DragonArrives,0.0,1.0
2454,_ali_jo,0.0,1.0
2406,nimania,0.0,1.0
2489,abdolsalammola,0.0,1.0
2480,CooperSasan,0.0,1.0
2481,kimba787,0.0,1.0
2482,wrdstn1136156,0.0,1.0
2483,mohammad_x100,0.0,1.0
2484,nergalnemesis,0.0,1.0
2485,shouresh284,0.0,1.0
2486,omidvivo,0.0,1.0
2487,MACSJ1149,0.0,1.0
2488,dariush_Zand,0.0,1.0
2490,SasanAmjadi,0.0,1.0
2478,Catallaxii,0.0,1.0
2491,QaradaghBear,0.0,1.0
2492,behaazin,0.0,1.0
2493,Mohamma_aad,0.0,1.0
2494,Amir59717159,0.0,1.0
2495,Ha100Fa,0.0,1.0
2496,amirsld,0.0,1.0
2497,Celia90008,0.0,1.0
2498,faryaddarkhafa2,0.0,1.0
2499,Craneosaurskya,0.0,1.0
2479,d_sargardan,0.0,1.0
2477,honyblack1997,0.0,1.0
2455,itscallboss,0.0,1.0
2465,TorturedUs,0.0,1.0
2456,rnartike,0.0,1.0
2457,hisnameisbojack,0.0,1.0
2458,nmi2nm,0.0,1.0
2459,callmeshakilla,0.0,1.0
2460,Timateh,0.0,1.0
2461,moviizz,0.0,1.0
2462,thegeev_,0.0,1.0
2463,Baharebahhar,0.0,1.0
2464,SirousNikan,0.0,1.0
2466,Aria_is_heree,0.0,1.0
2476,Cactustongue2,0.0,1.0
2467,L_khov,0.0,1.0
2468,rzhbzdeh,0.0,1.0
2469,Aylinnn_nnnn,0.0,1.0
2470,WoaxRey,0.0,1.0
2471,barzan_arbaba,0.0,1.0
2472,ferox_mehri,0.0,1.0
2473,mohamadnistam,0.0,1.0
2474,0Fa_ba0,0.0,1.0
2475,SorooshSina,0.0,1.0
2407,_paria_paria_,0.0,1.0
2405,old_man1990,0.0,1.0
2501,ShahabHolland,0.0,1.0
2345,k_maryam67,0.0,1.0
2336,thewayoulookt,0.0,1.0
2337,Local12,0.0,1.0
2338,sunnyshinelinee,0.0,1.0
2339,DR_KEVIN00,0.0,1.0
2340,zeberry3,0.0,1.0
2341,Matinsheibii,0.0,1.0
2342,rozbeh158202,0.0,1.0
2343,sorush_ab,0.0,1.0
2344,goushehneshin,0.0,1.0
2346,abornaei,0.0,1.0
2334,Persuasion_elli,0.0,1.0
2347,hmlt33,0.0,1.0
2348,irani_engineer,0.0,1.0
2349,zz_4bol,0.0,1.0
2350,alireza_hosein,0.0,1.0
2351,FirstIBOX,0.0,1.0
2352,aliladjevardi,0.0,1.0
2353,ShavazCom,0.0,1.0
2354,mahsah1566,0.0,1.0
2355,PARSA___YN,0.0,1.0
2335,An_Eastern_Girl,0.0,1.0
2333,MewMiawMeow97,0.0,1.0
2357,hanNa_ane,0.0,1.0
2321,BLACKchamoMil,0.0,1.0
2312,Askharfeldman,0.0,1.0
1546,RadioGenoa,0.0,1.0
2314,kavarama1,0.0,1.0
2315,Revealed2023,0.0,1.0
2316,animal_king1024,0.0,1.0
2317,amirancan,0.0,1.0
2318,mersen,0.0,1.0
2319,david__dahmer,0.0,1.0
2320,abbbas1035,0.0,1.0
2322,Celia9008,0.0,1.0
2332,Nabialsareghin,0.0,1.0
2323,webhead383,0.0,1.0
2324,callmem0siw,0.0,1.0
2325,MasIoob,0.0,1.0
2326,2thplarxin,0.0,1.0
2327,Safa_8863,0.0,1.0
2328,Raminagha,0.0,1.0
2329,pinkcherrybud,0.0,1.0
2330,netanyahupersia,0.0,1.0
2331,joker_yaghi67,0.0,1.0
2356,paanziii,0.0,1.0
2358,ervano13964157,0.0,1.0
2404,Ghazzallz,0.0,1.0
2393,kiiana1401,0.0,1.0
2384,imzara1983,0.0,1.0
2385,Yoo12212,0.0,1.0
2386,Marsin63502389,0.0,1.0
2387,Akhis_pakhis2,0.0,1.0
2388,ghoroobghorbat,0.0,1.0
2389,rkzasafari,0.0,1.0
2390,callmeminnnnn,0.0,1.0
2391,anon__fighter,0.0,1.0
2392,Gavaznab,0.0,1.0
2394,deevesefid,0.0,1.0
2382,Nazanin50015935,0.0,1.0
2395,vahid_nightmare,0.0,1.0
2396,kambizhosseini,0.0,1.0
2397,Gaffer_Wolf,0.0,1.0
2398,NightmareLand07,0.0,1.0
2399,ara_aaD2926__ij,0.0,1.0
2400,baz_migardim,0.0,1.0
2401,AdelTalebi,0.0,1.0
2402,nooresiah,0.0,1.0
2403,IrTimes,0.0,1.0
2383,freeiranlive,0.0,1.0
2381,HazratAadam2,0.0,1.0
2359,sitri00,0.0,1.0
2369,mmd026mrd,0.0,1.0
2360,farida18739455,0.0,1.0
2361,JavadKrostami,0.0,1.0
2362,badbitch7575,0.0,1.0
2363,ferdo30i,0.0,1.0
2364,iguana_yeka,0.0,1.0
2365,_sjd_1012,0.0,1.0
2366,sefid__barfiii,0.0,1.0
2367,Salari_goodgirl,0.0,1.0
2368,DkhtrMaharajh,0.0,1.0
2370,icecooffee7,0.0,1.0
2380,Hasti__amiri,0.0,1.0
2371,BlueJakk,0.0,1.0
2372,ShahabNasiri_,0.0,1.0
2373,sau312112265020,0.0,1.0
2374,vianamyyy,0.0,1.0
2375,ShahedAlavi,0.0,1.0
2376,Hasanake_Vakil,0.0,1.0
2377,kave_eng,0.0,1.0
2378,Arash_ramezani1,0.0,1.0
2379,7n6qw4mrkb,0.0,1.0
2500,ContextOfidiots,0.0,1.0
2502,plasticartman2,0.0,1.0
2692,Chantal21X,0.0,1.0
2633,bemirdgkiri,0.0,1.0
2624,sedaye_omiid,0.0,1.0
2625,bashirtash,0.0,1.0
2626,7aban_H,0.0,1.0
2627,sarbaz_pahlavi2,0.0,1.0
2628,kafka2323,0.0,1.0
2629,NedaBahar2,0.0,1.0
2630,JaveedRezaShah,0.0,1.0
2631,S48945936,0.0,1.0
2632,nejatbahrami,0.0,1.0
2634,Villllainess,0.0,1.0
2622,ElaheBoghrat,0.0,1.0
2635,ghomaarbaazz,0.0,1.0
2636,MazdakBAMDADAN2,0.0,1.0
2637,MonfaredAshkan,0.0,1.0
2638,smdshahbakhsh,0.0,1.0
2639,alinaghi2018,0.0,1.0
2640,adam_hesabi1,0.0,1.0
2641,janana653,0.0,1.0
2642,samaniist,0.0,1.0
2643,TinaGhazimorad,0.0,1.0
2623,BabakShekarabi,0.0,1.0
2621,ircfspace,0.0,1.0
2645,Gmod_irian,0.0,1.0
2609,Alic98210073,0.0,1.0
2600,houman1976,0.0,1.0
2601,ordinaryman1980,0.0,1.0
2602,PartyPikp2582,0.0,1.0
2603,Avaap812482,0.0,1.0
2604,bachemeymoon,0.0,1.0
2605,APasserby12,0.0,1.0
2606,RadioEspresso,0.0,1.0
2607,memar1982,0.0,1.0
2608,NavayePahlavi,0.0,1.0
2610,ww3_persia,0.0,1.0
2620,Shaheenchevv,0.0,1.0
2611,___deyhim__,0.0,1.0
2612,feri_2023,0.0,1.0
2613,ArdavanMofid,0.0,1.0
2614,farhads95,0.0,1.0
2615,FereydounJRL,0.0,1.0
2616,kayvanabbassi,0.0,1.0
2617,mr_apoptose,0.0,1.0
2618,MasoudSaeedinia,0.0,1.0
2619,DDSBobby,0.0,1.0
2644,Najibnaik,0.0,1.0
2646,moh_heidari,0.0,1.0
2598,FarzanehAghaei,0.0,1.0
2681,zootoxiic,0.0,1.0
2672,JohnCornyn,0.0,1.0
2673,Mr135900,0.0,1.0
2674,nahademardomi,0.0,1.0
2675,varzeshmedia,0.0,1.0
2676,E6h6o5a3HyPp6EE,0.0,1.0
2677,brmn151301,0.0,1.0
2678,A_khaki74,0.0,1.0
2679,salimklnr,0.0,1.0
2680,fuckedupchill,0.0,1.0
2682,Inter_4everr,0.0,1.0
2670,Ali63164295,0.0,1.0
2683,mamlekate,0.0,1.0
2684,the1stkhashayar,0.0,1.0
2685,ErfInstitute,0.0,1.0
2686,EtemadOnline,0.0,1.0
2687,1RedHat,0.0,1.0
2688,seyedmohammadww,0.0,1.0
2689,kkodaei,0.0,1.0
2690,NeriaKraus,0.0,1.0
2691,MahmoudiSasan,0.0,1.0
2671,mabi182,0.0,1.0
2669,Rayan9717,0.0,1.0
2647,khorafatkade,0.0,1.0
2657,PardisSabeti,0.0,1.0
2648,Iranbanoo2024,0.0,1.0
2649,RKOTOfficial,0.0,1.0
2650,Digiato,0.0,1.0
2651,RShemroon,0.0,1.0
2652,PBDsPodcast,0.0,1.0
2653,OmidRos51089052,0.0,1.0
2654,Reza281207,0.0,1.0
2655,ArvinAdriyan_IR,0.0,1.0
2656,foroog4,0.0,1.0
2658,MiraNassiri,0.0,1.0
2668,artoosham2000,0.0,1.0
2659,Behrouzjt,0.0,1.0
2660,keyonek1,0.0,1.0
2661,bahmanparskian,0.0,1.0
2662,ahmadrezaaei,0.0,1.0
2663,DrAlirezaMossa1,0.0,1.0
2664,artidiana2,0.0,1.0
2665,SCloudman,0.0,1.0
2666,SepehrLN,0.0,1.0
2667,JawedAKargar,0.0,1.0
2599,zikaavi,0.0,1.0
2597,MahmoudZibaie,0.0,1.0
2503,UncleRevi,0.0,1.0
2537,kiya_kam,0.0,1.0
2528,paridaryaiiya,0.0,1.0
2529,lnahalllnahall,0.0,1.0
2530,Halb0rz,0.0,1.0
2531,Marlboro_iran,0.0,1.0
2532,msaremif,0.0,1.0
2533,chamli69,0.0,1.0
2534,Ziya_Sadr,0.0,1.0
2535,iifarrnazii,0.0,1.0
2536,Haghaie,0.0,1.0
2538,moh53n_fa,0.0,1.0
2526,haniph_a,0.0,1.0
2539,iM4n_,0.0,1.0
2540,daryo67111018,0.0,1.0
2541,AwaazKhaneJazz,0.0,1.0
2542,arashdre21,0.0,1.0
2543,javidnaam,0.0,1.0
2544,coinicap,0.0,1.0
2545,Hamed_Gholami,0.0,1.0
2546,AzadFarsani5,0.0,1.0
2547,CryptoVizArt,0.0,1.0
2527,6njeli,0.0,1.0
2525,rarac_o,0.0,1.0
2549,iranimerican,0.0,1.0
2513,vahid_silent,0.0,1.0
2504,faraaaz21_,0.0,1.0
2505,GeraldAzadikhah,0.0,1.0
2506,57hostage,0.0,1.0
2507,Pushkinove,0.0,1.0
2508,Sherrichita,0.0,1.0
2509,Aminnab2,0.0,1.0
2510,DarabBadri,0.0,1.0
2511,EkraniSam,0.0,1.0
2512,alma9877,0.0,1.0
2514,Sheina__,0.0,1.0
2524,HOUOMAN,0.0,1.0
2515,Heyranam08,0.0,1.0
2516,huuu0oooar,0.0,1.0
2517,omorogiec,0.0,1.0
2518,tameryazar,0.0,1.0
2519,mahshciv,0.0,1.0
2520,jannatkhah_ir,0.0,1.0
2521,ImanOracle,0.0,1.0
2522,Janatkhah_ir,0.0,1.0
2523,limoodiran,0.0,1.0
2548,LFlore19,0.0,1.0
2550,iamsalij,0.0,1.0
2596,IranNovinParty,0.0,1.0
2585,shahintahmaseb,0.0,1.0
2576,abdorezaahmadi,0.0,1.0
2577,farshidbabaei18,0.0,1.0
2578,Sativa888,0.0,1.0
2579,NaeimShahi_Nima,0.0,1.0
2580,SalomeSeyednia,0.0,1.0
2581,naderifar,0.0,1.0
2582,john_lucckk,0.0,1.0
2583,RBehrouzDO,0.0,1.0
2584,rezazadeh1122,0.0,1.0
2586,matnkhan4,0.0,1.0
2574,ajibzade,0.0,1.0
2587,phase_shad,0.0,1.0
2588,h_shyrazi,0.0,1.0
2589,Parsaghobadi123,0.0,1.0
2590,Mansoor_esf,0.0,1.0
2591,aghachurchill,0.0,1.0
2592,Naazer00,0.0,1.0
2593,NikiPatriot,0.0,1.0
2594,noodlesss1990,0.0,1.0
2595,AmirTaheri4,0.0,1.0
2575,patrickbetdavid,0.0,1.0
2573,zarei_arad,0.0,1.0
2551,alone_anarchist,0.0,1.0
2561,Iac2023,0.0,1.0
2552,Cryptol56407054,0.0,1.0
2553,mhdiata,0.0,1.0
2554,sadaffadaeian,0.0,1.0
2555,lisa_loo_who,0.0,1.0
2556,BaraneBahari123,0.0,1.0
2557,pirouzimm,0.0,1.0
2558,AtiyeTavakolnia,0.0,1.0
2559,agha_rashti,0.0,1.0
2560,MehdiHajati,0.0,1.0
2562,vahid__bahman,0.0,1.0
2572,Kaboos132691,0.0,1.0
2563,hojjat_kalashi,0.0,1.0
2564,Melligerayan,0.0,1.0
2565,AliAghell,0.0,1.0
2566,imperial_agent3,0.0,1.0
2567,samousavi44,0.0,1.0
2568,zootopiazz,0.0,1.0
2569,indypersian,0.0,1.0
2570,Truth7inspired,0.0,1.0
2571,PiersUncensored,0.0,1.0
1547,Golshifteh,0.0,1.0
1540,MrsEllieh,0.0,1.0
1545,IHRights,0.0,1.0
519,mikhake_noqrehi,0.0,1.0
510,Kamran99575602,0.0,1.0
511,leonbarandaz3,0.0,1.0
512,ANTYTHEZIS,0.0,1.0
513,vianack22,0.0,1.0
514,Gard_e_Javidan,0.0,1.0
515,llirateirateir5,0.0,1.0
516,Warrior03005,0.0,1.0
517,Mamakey98,0.0,1.0
518,PureSoul_isback,0.0,1.0
520,Tanha_5566,0.0,1.0
508,tidehaaa,0.0,1.0
521,MntzrSday,0.0,1.0
522,nobodySamyaza,0.0,1.0
523,GhahramanHamed,0.0,1.0
524,2EXPvZWQ7LLPX4P,0.0,1.0
525,mirbaluch_,0.0,1.0
526,JBehieh,0.0,1.0
527,BehzadAghajani9,0.0,1.0
528,EMohbbi,0.0,1.0
529,NikolayTesla_,0.0,1.0
509,ARYMER_IRAN325,0.0,1.0
507,JaviidanIran,0.0,1.0
531,Emen43054466,0.0,1.0
495,mk_irani,0.0,1.0
486,Nariiia8927,0.0,1.0
487,akhondkosh_3,0.0,1.0
488,Paeezsahra46,0.0,1.0
489,YaldaRod,0.0,1.0
490,Seyyed_Zakariaa,0.0,1.0
491,WatchYalla,0.0,1.0
492,shabgahi,0.0,1.0
493,Sorena2024King,0.0,1.0
494,NAVlD_,0.0,1.0
496,shirdawl_,0.0,1.0
506,Fareydunfarrokh,0.0,1.0
497,Shahdad1980p,0.0,1.0
498,solilati,0.0,1.0
499,maryanamobarez,0.0,1.0
500,siavosh48,0.0,1.0
501,Narges59897716,0.0,1.0
502,Sia_awer5,0.0,1.0
503,Peleja11,0.0,1.0
504,sezar00126,0.0,1.0
505,Ardalan59247928,0.0,1.0
530,Katierebel2nd,0.0,1.0
532,leonam_2,0.0,1.0
484,yatok,0.0,1.0
567,Avtradiing,0.0,1.0
558,AdlNavid,0.0,1.0
559,hamidsanati6661,0.0,1.0
560,maahiiran,0.0,1.0
561,javane90sale5,0.0,1.0
562,Arrested_voice,0.0,1.0
563,yassfid7750,0.0,1.0
564,amgadizeina,0.0,1.0
565,Arthas7z,0.0,1.0
566,jwd06342045,0.0,1.0
568,parwaz22,0.0,1.0
556,ANITABAKT,0.0,1.0
569,M0rtezaaaa,0.0,1.0
570,Sonofthebeach22,0.0,1.0
571,gravitywelt,0.0,1.0
572,DokhtareAryan,0.0,1.0
573,shekast57t,0.0,1.0
574,fireofGod1978,0.0,1.0
575,TheNursesofIran,0.0,1.0
576,anti_mola,0.0,1.0
577,11__soofi,0.0,1.0
557,ShahramMakoui48,0.0,1.0
555,Me_Unstoppable2,0.0,1.0
533,Tinaaa2048,0.0,1.0
543,allfatherrrrr,0.0,1.0
534,tootfaranghi,0.0,1.0
535,sabakhoie,0.0,1.0
536,Mitra_Jashni,0.0,1.0
537,tym673846523716,0.0,1.0
538,LocallAndia,0.0,1.0
539,mahsa_300,0.0,1.0
540,CassandaneIran,0.0,1.0
541,BamdadPirouzi,0.0,1.0
542,winstoon3,0.0,1.0
544,Sssccpp,0.0,1.0
554,XerxesIran_,0.0,1.0
545,M__binesh_00,0.0,1.0
546,Bahar00452227,0.0,1.0
547,Meshkat_Iran,0.0,1.0
548,Irandok99760678,0.0,1.0
549,Mohtashampoone,0.0,1.0
550,Pegahan__,0.0,1.0
551,danial_mir69895,0.0,1.0
552,pishecheshm,0.0,1.0
553,ElendaTimaj,0.0,1.0
485,hastyarrr,0.0,1.0
483,Donya22I,0.0,1.0
579,mahrokh19726311,0.0,1.0
423,Nushin76643881,0.0,1.0
414,Nik_Mirbat,0.0,1.0
415,oomidvaramm,0.0,1.0
416,MGhadyanloo,0.0,1.0
417,merlin_a_h,0.0,1.0
418,PnMd1982,0.0,1.0
419,laburnum1000,0.0,1.0
420,Rappunzell212,0.0,1.0
421,jalovemila,0.0,1.0
422,KHOOFHOO,0.0,1.0
424,sog_m_y,0.0,1.0
412,kkoohhyyaarr,0.0,1.0
425,Azad15Peyman,0.0,1.0
426,iran22851566,0.0,1.0
427,deafowl,0.0,1.0
428,azadhordis,0.0,1.0
429,aband0kht000,0.0,1.0
430,Hossein_68_38,0.0,1.0
431,FreddiePatriot,0.0,1.0
432,alireza82920462,0.0,1.0
433,A3mooon1,0.0,1.0
413,0DZiSITpiiNtEKe,0.0,1.0
411,fardad200,0.0,1.0
435,monfared6,0.0,1.0
399,FaranakAzad1,0.0,1.0
390,IranOurTemple,0.0,1.0
391,inventor_kevin,0.0,1.0
392,Keyhan_iran2023,0.0,1.0
393,HosseiniRouzbeh,0.0,1.0
394,MPLRQ1,0.0,1.0
395,Mahtabh2000,0.0,1.0
396,policenama1401,0.0,1.0
397,PahlaviNewsLine,0.0,1.0
398,nastaran8888,0.0,1.0
400,Hqkaya,0.0,1.0
410,amin1917,0.0,1.0
401,Alex29155356,0.0,1.0
402,yousef34095102,0.0,1.0
403,Jafanrood123,0.0,1.0
404,NavidFarda,0.0,1.0
405,kindgirl2022,0.0,1.0
406,Dokhi_sag,0.0,1.0
407,farvahar2023,0.0,1.0
408,Ana__Schuster,0.0,1.0
409,ShahinMajelan,0.0,1.0
434,IRAANBAAN,0.0,1.0
436,farangistaheri,0.0,1.0
482,GharybEAshena,0.0,1.0
471,mmaryamm96311,0.0,1.0
462,RosebudDonKhoan,0.0,1.0
463,Mersedeh666,0.0,1.0
464,GreatIran2023,0.0,1.0
465,hooshang_a39600,0.0,1.0
466,mori_pahlavi,0.0,1.0
467,Koroshariae2021,0.0,1.0
468,Kiansa_Music,0.0,1.0
469,Chamroshirani,0.0,1.0
470,shahira60210003,0.0,1.0
472,ARo0_7,0.0,1.0
460,shooresh57,0.0,1.0
473,SFaeze_Alavi,0.0,1.0
474,liloooum,0.0,1.0
475,frank_1929,0.0,1.0
476,negannegan55,0.0,1.0
477,Parav610136875,0.0,1.0
478,AkhoondeMorde,0.0,1.0
479,ThEeRossgellerR,0.0,1.0
480,blackbird2585,0.0,1.0
481,mahdina46511139,0.0,1.0
461,tootferangi,0.0,1.0
459,AsedeleSexy,0.0,1.0
437,saman_sarraf,0.0,1.0
447,rahe_AZADI_5,0.0,1.0
438,trollsiasi,0.0,1.0
439,Pedar_Bozorgggg,0.0,1.0
440,mhrzyn1984931,0.0,1.0
441,ArminTsp,0.0,1.0
442,AsbeNajib,0.0,1.0
443,Shabramz,0.0,1.0
444,lmmortal_guard,0.0,1.0
445,RZareei22382,0.0,1.0
446,payandeiranam,0.0,1.0
448,Shaya745,0.0,1.0
458,Fariba60867811,0.0,1.0
449,HomaTajbakhsh,0.0,1.0
450,Mia795806987870,0.0,1.0
451,KathyMobarez,0.0,1.0
452,asadola_alam,0.0,1.0
453,samirkh1389,0.0,1.0
454,Fallah13Fallah,0.0,1.0
455,Baran98427211,0.0,1.0
456,BrayeIranam1976,0.0,1.0
457,Secolaic,0.0,1.0
578,TinaFay1978,0.0,1.0
580,pesarrrr,0.0,1.0
772,saharmeshksar,0.0,1.0
712,AtenaDaemi,0.0,1.0
703,dHungow,0.0,1.0
704,behaak,0.0,1.0
705,bibiliiii,0.0,1.0
706,AkkasNabashi,0.0,1.0
707,sag_koshi,0.0,1.0
708,Imanvaez1,0.0,1.0
709,OSINTNic,0.0,1.0
710,SedSulfuric,0.0,1.0
711,Thorin9900,0.0,1.0
713,dadban4,0.0,1.0
701,nik_yousefi,0.0,1.0
714,masoudkazemi81,0.0,1.0
715,TheAlef_,0.0,1.0
716,S0CI0L0GISTSAM,0.0,1.0
717,J74wb,0.0,1.0
718,saogr8,0.0,1.0
719,Rebessaa,0.0,1.0
720,khaabgardaan,0.0,1.0
721,mehditorbati1,0.0,1.0
722,LoabatK,0.0,1.0
702,haalvsh,0.0,1.0
700,dmidvar,0.0,1.0
724,panaaaaaaah,0.0,1.0
688,Sashtyani,0.0,1.0
678,KnightAnahita22,0.0,1.0
679,kavehsaraj1,0.0,1.0
680,anzhelaaryaie,0.0,1.0
681,MomeniShabnam,0.0,1.0
682,mehrazarafra,0.0,1.0
683,Sohrab15740321,0.0,1.0
685,light_on_darks,0.0,1.0
686,fatemehheydari8,0.0,1.0
687,amiR20267853,0.0,1.0
689,hosseyn1988,0.0,1.0
699,alijaneton,0.0,1.0
690,1000pa2,0.0,1.0
691,balochestan1422,0.0,1.0
692,faezehabdipour,0.0,1.0
693,Abtin_Pishdadi,0.0,1.0
694,R0tterdamer,0.0,1.0
695,JahanBakhsh133,0.0,1.0
696,meisam_empty,0.0,1.0
697,BbcDariush,0.0,1.0
698,allahbakhshii,0.0,1.0
723,shahnazali_ali,0.0,1.0
725,FSeifikaran,0.0,1.0
676,gebad_,0.0,1.0
760,Arash_sadeghii,0.0,1.0
751,Iran_123321,0.0,1.0
752,p4bedar,0.0,1.0
753,Baharak_Irani,0.0,1.0
754,khakepatam,0.0,1.0
755,Davood_Souri,0.0,1.0
756,shahriyar_shams,0.0,1.0
757,AliKalaei62,0.0,1.0
758,shahrak_ekbatan,0.0,1.0
759,esmaeils1169,0.0,1.0
761,F_karamizand,0.0,1.0
749,JM_pensylvani,0.0,1.0
762,AliAshtari9,0.0,1.0
763,gohareshghi,0.0,1.0
764,aaryaansarii,0.0,1.0
765,M_R_Taheri,0.0,1.0
766,FarhadIraniiii,0.0,1.0
767,Soranmansournia,0.0,1.0
768,6ernestoamin6,0.0,1.0
769,banannafish,0.0,1.0
770,Mokhber_Dokhi,0.0,1.0
750,MJ_Akbarin,0.0,1.0
748,abhaddadii,0.0,1.0
726,mahsakianiiii,0.0,1.0
736,daneshgary,0.0,1.0
727,Fereshtetabani1,0.0,1.0
728,HengawO,0.0,1.0
729,MansouriSirwan,0.0,1.0
730,behtarin1760,0.0,1.0
731,shamidartii,0.0,1.0
732,farhadge,0.0,1.0
733,ayatsubzero,0.0,1.0
734,SoudabehQaisari,0.0,1.0
735,_KhodaBiamorz,0.0,1.0
737,Realneo101,0.0,1.0
747,DarvishM20,0.0,1.0
738,Sadafbanooo,0.0,1.0
739,dahri9,0.0,1.0
740,dehkhodaaa,0.0,1.0
741,darushmemar,0.0,1.0
742,Aburrrida901903,0.0,1.0
743,s_a_b_s_a_b,0.0,1.0
744,mamadporii,0.0,1.0
745,ghalamfarsa,0.0,1.0
746,moein_kh,0.0,1.0
677,PersianGulf2022,0.0,1.0
675,Farid84150783,0.0,1.0
581,ChitchatBT,0.0,1.0
615,MFshfshh71601,0.0,1.0
606,RezaSensourfree,0.0,1.0
607,panbedarnaf1,0.0,1.0
608,Jz666Mer,0.0,1.0
609,hamy_76,0.0,1.0
610,sadezist81,0.0,1.0
611,Elham42302688,0.0,1.0
612,ShayanX0,0.0,1.0
613,negaran67,0.0,1.0
614,persian_Tirdad,0.0,1.0
616,Chetoriarzeshi,0.0,1.0
604,pahlavikhah43,0.0,1.0
617,heidarian63,0.0,1.0
618,Aysan_Iran,0.0,1.0
619,SorenaPatriot,0.0,1.0
620,imdearie2,0.0,1.0
621,IranBan45405993,0.0,1.0
622,kasey909,0.0,1.0
623,Shiny35347969,0.0,1.0
624,pournazeri,0.0,1.0
625,mahraha99,0.0,1.0
605,ParsehIran,0.0,1.0
603,minoobanoo9,0.0,1.0
627,IranAzad54321,0.0,1.0
591,omid_AV2,0.0,1.0
582,BarfiiIran,0.0,1.0
583,seti56705,0.0,1.0
584,Farhangn1Arezoo,0.0,1.0
585,atheistcyrus,0.0,1.0
586,Utbde_,0.0,1.0
587,Hossein69481295,0.0,1.0
588,majarajo0,0.0,1.0
589,JavidShah0000,0.0,1.0
590,Nohypocrisy_,0.0,1.0
592,Fr33domSeek3r,0.0,1.0
602,itsmesirenn,0.0,1.0
593,IranMonarchists,0.0,1.0
594,nikiferferi,0.0,1.0
595,shakouri87,0.0,1.0
596,ka_parisa_,0.0,1.0
597,2002Kingfox,0.0,1.0
598,rayehe_rabi,0.0,1.0
599,GordAfaridAI,0.0,1.0
600,ARDESHIR005,0.0,1.0
601,Camel6561,0.0,1.0
626,format_32,0.0,1.0
628,JSchanzer,0.0,1.0
674,kevinirani20,0.0,1.0
663,Pahlavi0211,0.0,1.0
654,Ghjkl13591359,0.0,1.0
655,RusseellAdlleer,0.0,1.0
656,JimmyRahmati,0.0,1.0
657,mr_m_salar,0.0,1.0
658,Kernel_Ronin,0.0,1.0
659,tehran445522,0.0,1.0
660,MakanKey,0.0,1.0
661,parsdailynews1,0.0,1.0
662,UScharlottt,0.0,1.0
664,rmayparast,0.0,1.0
652,jahan_bi_khoda,0.0,1.0
665,TahminA07011401,0.0,1.0
666,fisherman2323,0.0,1.0
667,MoradiAshg78422,0.0,1.0
668,WydhDrby,0.0,1.0
669,Farzad2537,0.0,1.0
670,i_shezem,0.0,1.0
671,mohsen671168,0.0,1.0
672,Calling_Parisa,0.0,1.0
673,benn50,0.0,1.0
653,Behmorrie,0.0,1.0
651,Nasrin4174,0.0,1.0
629,MahdaviLeily,0.0,1.0
639,xxxwwwji,0.0,1.0
630,grandmama98,0.0,1.0
631,ggehhry2,0.0,1.0
632,Pinkpanther_gi,0.0,1.0
633,Azadeh1345,0.0,1.0
634,BeeVan88,0.0,1.0
635,PourrezaeiVahid,0.0,1.0
636,DamonShahh,0.0,1.0
637,pershia22314145,0.0,1.0
638,CemalK25777Cema,0.0,1.0
640,MissVeronica007,0.0,1.0
650,spoilers2nd,0.0,1.0
641,KyhanWzart,0.0,1.0
642,S_iran01,0.0,1.0
643,felfeli1957216,0.0,1.0
644,hrkamyar,0.0,1.0
645,Pourya_Ni,0.0,1.0
646,Veresk2020,0.0,1.0
647,Alex47778556934,0.0,1.0
648,UTrooper63351,0.0,1.0
649,hashymashy,0.0,1.0
389,Pahlavist091339,0.0,1.0
388,sattarkhan121,0.0,1.0
387,SIAV4AKHSH,0.0,1.0
133,Satiiiia1,0.0,1.0
124,4CKIUI,0.0,1.0
125,Azihastam1,0.0,1.0
126,ILoveIran_,0.0,1.0
127,AliAlimartin893,0.0,1.0
128,kiyarash_ir,0.0,1.0
129,nahidsh527641,0.0,1.0
130,chosravi,0.0,1.0
131,margbar3fased,0.0,1.0
132,alikarimi_ak8,0.0,1.0
134,Mantil13,0.0,1.0
122,Chris_Irani,0.0,1.0
135,khomeinishit,0.0,1.0
136,Arad60292050,0.0,1.0
137,TaraMedric,0.0,1.0
138,ArezooAlizolfi,0.0,1.0
139,Behrozbenz,0.0,1.0
140,knbhgfk,0.0,1.0
141,real_Ardalan,0.0,1.0
142,farahsahdost65,0.0,1.0
143,iran_vdt,0.0,1.0
123,MrHiccup42,0.0,1.0
121,peransa6365,0.0,1.0
145,ShiraziShaheen,0.0,1.0
109,Khashayarshah22,0.0,1.0
100,GhorbaniiNiyak,0.0,1.0
101,HegeI_javan,0.0,1.0
102,KiMo10626877,0.0,1.0
103,PersianGW,0.0,1.0
104,safarazlilipoot,0.0,1.0
105,Bibaak007,0.0,1.0
106,AzizBarandaz,0.0,1.0
107,saramobarez1,0.0,1.0
108,CaPiiiiTaN,0.0,1.0
110,Siaasaat,0.0,1.0
120,edix_amir,0.0,1.0
111,dindaa777,0.0,1.0
112,Iranian_Ronin,0.0,1.0
113,Nahalida1,0.0,1.0
114,amiretemadi,0.0,1.0
115,ShahbanouFarah,0.0,1.0
116,Kingdom0fIran,0.0,1.0
117,pasargadguard,0.0,1.0
118,parysatis_banoo,0.0,1.0
119,syrzyn1,0.0,1.0
144,HqHrf,0.0,1.0
146,shahii1984,0.0,1.0
98,Tara05397483,0.0,1.0
182,mbabakordi,0.0,1.0
173,RebbeccaaSatun,0.0,1.0
174,MehranKiani13,0.0,1.0
175,SHAYA9000,0.0,1.0
176,Jaavidshah,0.0,1.0
177,marjan_raad,0.0,1.0
178,Benil_da,0.0,1.0
179,titan1397,0.0,1.0
180,reptile_fight,0.0,1.0
181,biabeshno,0.0,1.0
183,sunnny_pannni,0.0,1.0
171,CanuckRock,0.0,1.0
184,Peroz401939762,0.0,1.0
185,SinaMobarez,0.0,1.0
186,AmirAnv30321338,0.0,1.0
187,Angellwarrior,0.0,1.0
188,simurgh2580,0.0,1.0
189,Azadi8757633916,0.0,1.0
190,_mihanparast_,0.0,1.0
191,inavidoo,0.0,1.0
192,TheAvenger1st,0.0,1.0
172,iranariyayi64,0.0,1.0
170,golnarjahanbani,0.0,1.0
147,iranjavidann,0.0,1.0
158,iran_misazamat,0.0,1.0
148,Khomeini_fucker,0.0,1.0
149,Behzadhamrahi,0.0,1.0
150,RadmanShhram,0.0,1.0
151,khormal0098,0.0,1.0
152,PedramKianipk,0.0,1.0
153,pocohantes2021,0.0,1.0
155,Armanjasoor,0.0,1.0
156,Rezashah1975,0.0,1.0
157,Niyaz68401862,0.0,1.0
159,sinabarandaz,0.0,1.0
169,rahimy166,0.0,1.0
160,DwstSh5,0.0,1.0
161,NoushaEshghi,0.0,1.0
162,aliemamiofnyc,0.0,1.0
163,SavaSavadkoohi,0.0,1.0
164,InfantryRegal,0.0,1.0
165,dokhtaregilak,0.0,1.0
166,Nasrinrose1,0.0,1.0
167,TonyFreeman2015,0.0,1.0
168,REGIME_CHANGE03,0.0,1.0
99,pahlavism149884,0.0,1.0
97,mamad_iran2,0.0,1.0
386,AmandaMary369,0.0,1.0
35,Mahnush19,0.0,1.0
26,RaminBIKHODA,0.0,1.0
27,BugsBuny90,0.0,1.0
28,fairghh,0.0,1.0
29,SHuARi99,0.0,1.0
30,felfelsiahh2,0.0,1.0
31,yaamaashitaa,0.0,1.0
32,SushyanPahlavi,0.0,1.0
33,Cilia1919,0.0,1.0
34,Neda73Neda,0.0,1.0
36,lilia_Trumpgirl,0.0,1.0
24,soheili84,0.0,1.0
37,Tigeress1401,0.0,1.0
38,bayondor1320,0.0,1.0
39,amn83688778,0.0,1.0
40,MamaXama15,0.0,1.0
41,CheNahaara,0.0,1.0
42,arezoubehrang_,0.0,1.0
43,YasiPatriot,0.0,1.0
44,Santamorte00,0.0,1.0
45,yYh8x5hC6nxh1Wd,0.0,1.0
25,ronin47ir,0.0,1.0
23,nasrinraj,0.0,1.0
47,daryadar_iran,0.0,1.0
11,maripahlavi,0.0,1.0
2,Bahar__Bahari,0.0,1.0
3,JamesDeanUFO,0.0,1.0
4,Raha_B_E_1,0.0,1.0
5,Aryammehr_2,0.0,1.0
6,homeyramis,0.0,1.0
7,Ivar_lathbrug2,0.0,1.0
8,freeman010,0.0,1.0
9,Verethragnan,0.0,1.0
10,ForadiMohammad,0.0,1.0
12,shayan_shahnazi,0.0,1.0
22,PahlaviahoraeeP,0.0,1.0
13,oootred18,0.0,1.0
14,venus133333,0.0,1.0
15,n00rpahlavi,0.0,1.0
16,5pickkk,0.0,1.0
17,sepiedhia,0.0,1.0
18,Arezurose,0.0,1.0
19,Mayekhal,0.0,1.0
20,mehrvash_1,0.0,1.0
21,PahlaviReza,0.0,1.0
46,shahinnajafi80,0.0,1.0
48,Booji_Mooji,0.0,1.0
96,MehdiVakili20,0.0,1.0
85,Alireza7553,0.0,1.0
75,Tondar1985,0.0,1.0
77,bardi1980,0.0,1.0
78,HastiGh4,0.0,1.0
79,FAli1969,0.0,1.0
80,zhiyan_shah,0.0,1.0
81,muhamad95311702,0.0,1.0
82,Lilim31504971,0.0,1.0
83,hardseltzerr,0.0,1.0
84,MaximReza3,0.0,1.0
86,KouroshNazarian,0.0,1.0
73,iranianpappppi3,0.0,1.0
87,sogoli_bikhodi,0.0,1.0
88,ali73724440,0.0,1.0
89,amita_0302,0.0,1.0
90,ArteshAriamehr,0.0,1.0
91,Revolution_R_,0.0,1.0
92,2May19611,0.0,1.0
93,NimaRefelz,0.0,1.0
94,Mahdiyc1,0.0,1.0
95,Homa2021,0.0,1.0
74,Siahi15,0.0,1.0
72,Ebne_noah,0.0,1.0
49,infintymind,0.0,1.0
59,shimaaa1232,0.0,1.0
50,ZanoZohal82418,0.0,1.0
51,kaykhosrow5,0.0,1.0
52,diyego011,0.0,1.0
53,Nargolsafa,0.0,1.0
54,IsraelPersian,0.0,1.0
55,MohammadRnFr,0.0,1.0
56,adam_hesabi,0.0,1.0
57,Cassandana22,0.0,1.0
58,pizza_facey,0.0,1.0
60,Banuirani84,0.0,1.0
71,AsHediyeh,0.0,1.0
61,Parshang11,0.0,1.0
62,Lucinym,0.0,1.0
63,Roodabeh_,0.0,1.0
64,steveimcqueen,0.0,1.0
65,atheistChild789,0.0,1.0
66,farshadeashour,0.0,1.0
68,akhuondkosh2,0.0,1.0
69,freeiranlion,0.0,1.0
70,Mahonia72,0.0,1.0
193,riokhosravi,0.0,1.0
194,kambujiye_2535,0.0,1.0
195,navidi49,0.0,1.0
327,sahariraniiii,0.0,1.0
318,Leila_Arya2,0.0,1.0
319,RealPersianGod,0.0,1.0
320,fereshtehgilaki,0.0,1.0
321,kiku2536,0.0,1.0
322,aryanbarati66,0.0,1.0
323,Tina_tina_7777,0.0,1.0
324,bohlooledivane,0.0,1.0
325,PeaceHappyJoy,0.0,1.0
326,Lightroom999,0.0,1.0
328,1111aphrodite,0.0,1.0
316,Hooriehkhodami1,0.0,1.0
329,RADOCLUB,0.0,1.0
330,ybensnkr888,0.0,1.0
331,ErosNavall,0.0,1.0
332,amir41355273,0.0,1.0
333,hamivattan,0.0,1.0
334,fanitaaa1403,0.0,1.0
335,Arezoo_8060,0.0,1.0
336,kosmopolitann,0.0,1.0
337,alivalizadeh,0.0,1.0
317,lmmortal__guard,0.0,1.0
315,Sepideh52191550,0.0,1.0
339,georg_patriot,0.0,1.0
303,hoda2728,0.0,1.0
294,ahora_mazdai,0.0,1.0
295,hajmaameed,0.0,1.0
296,CALI4AZ,0.0,1.0
297,RahaeeNews,0.0,1.0
298,Bahman_Hub,0.0,1.0
299,ForFreedom1401,0.0,1.0
300,Pahlavist2582,0.0,1.0
301,Delvan_Alireza1,0.0,1.0
302,sarbaz_Ssasanid,0.0,1.0
304,simonederayeh,0.0,1.0
314,DokhtarePaeiiiz,0.0,1.0
305,IranFridom,0.0,1.0
306,PesareMaziyar,0.0,1.0
307,Dream_freedom1,0.0,1.0
308,PersiaKami,0.0,1.0
309,jnwyr97p5t,0.0,1.0
310,Shaghayegh_3,0.0,1.0
311,alasht_Iran,0.0,1.0
312,6ohlxisK6AaGx5Z,0.0,1.0
313,GladiatorOfShah,0.0,1.0
338,M_Rad43,0.0,1.0
340,king_ariyamehr,0.0,1.0
196,Hila1363,0.0,1.0
375,Marde_kohan,0.0,1.0
366,keykemiveyi,0.0,1.0
367,TheAkbarShah,0.0,1.0
368,RadArtemis56,0.0,1.0
369,ayhan_shms59379,0.0,1.0
370,unknownproteste,0.0,1.0
371,blondisecret,0.0,1.0
372,beni_ta1,0.0,1.0
373,kianush_znika,0.0,1.0
374,mard_meshki,0.0,1.0
376,Persiairany,0.0,1.0
364,sepahani,0.0,1.0
377,Ario1401,0.0,1.0
378,Nasimedegar,0.0,1.0
379,ZSepitman28891,0.0,1.0
380,SGhasseminejad,0.0,1.0
381,sasan5066461056,0.0,1.0
382,sharroon777,0.0,1.0
383,iranovsky,0.0,1.0
384,BenK40132107,0.0,1.0
385,max_power73,0.0,1.0
365,Mahan24727630,0.0,1.0
363,simin223316966,0.0,1.0
341,javidshah_72,0.0,1.0
351,alirezay2k,0.0,1.0
342,arantabitaa,0.0,1.0
343,safa8863,0.0,1.0
344,Purple___drop,0.0,1.0
345,hitasb19,0.0,1.0
346,MehnazM90187604,0.0,1.0
347,Shirzad1968,0.0,1.0
348,MasoudSlii,0.0,1.0
349,Ritzyg2000,0.0,1.0
350,parva_javid,0.0,1.0
352,AlmaIran2012,0.0,1.0
362,daystar98173834,0.0,1.0
353,ATA_2500,0.0,1.0
354,Il_gladi_atore,0.0,1.0
355,Kolmar_kolmar,0.0,1.0
356,koroshkabirq,0.0,1.0
357,sogolisogoliyan,0.0,1.0
358,MegabernB66177,0.0,1.0
359,EnZh8i,0.0,1.0
360,NFreeIran2022,0.0,1.0
361,netvand,0.0,1.0
293,jaber36912,0.0,1.0
292,parsi27871,0.0,1.0
291,Grrmanesh,0.0,1.0
231,mojtaba87870597,0.0,1.0
222,Malin54449388,0.0,1.0
223,sadsark,0.0,1.0
224,Doktor_Babak_3,0.0,1.0
225,homelandnation,0.0,1.0
226,iraneman1402s,0.0,1.0
227,nikita5658jh,0.0,1.0
228,proudlypersian1,0.0,1.0
229,Kouroshvaliam,0.0,1.0
230,iamdesi30724381,0.0,1.0
232,Sepidehsani,0.0,1.0
220,Shervinator79,0.0,1.0
233,shmssyd85,0.0,1.0
234,sarbazeshahiran,0.0,1.0
235,anamahmodiii,0.0,1.0
236,GhassemiAbi,0.0,1.0
237,koroshCR7,0.0,1.0
238,IMbeatreas,0.0,1.0
239,AfsiRoshi,0.0,1.0
240,payande_iran3,0.0,1.0
241,Sarbaz_Leis4943,0.0,1.0
221,wolf_sea_,0.0,1.0
219,kouresh_kabir,0.0,1.0
290,shahr918022281,0.0,1.0
207,ArianMutter,0.0,1.0
197,taj_taj5,0.0,1.0
198,EtehadPahlavism,0.0,1.0
199,kooperkooper007,0.0,1.0
200,Negii2201,0.0,1.0
201,rsal9008,0.0,1.0
202,Arasheshbaa,0.0,1.0
203,1997_shelbi,0.0,1.0
204,Diiyako_ir,0.0,1.0
205,E_hsan_2020,0.0,1.0
208,kamangir_1,0.0,1.0
218,gisouferferi,0.0,1.0
209,Me_Hamed_Myself,0.0,1.0
210,infiniite_space,0.0,1.0
211,Blackja36801561,0.0,1.0
212,leylabelfi11,0.0,1.0
213,Queenaurora209,0.0,1.0
214,sh_zandvakili,0.0,1.0
215,pirozzzzzzzz,0.0,1.0
216,IRAN1366613,0.0,1.0
217,kharkhali,0.0,1.0
242,Mard_e_kohan,0.0,1.0
243,nasrinkh1343,0.0,1.0
244,KingBacker1,0.0,1.0
279,NewXmotion,0.0,1.0
270,janamfadaeiran1,0.0,1.0
271,aokurucz,0.0,1.0
272,honeybuty,0.0,1.0
273,Shadnaz79,0.0,1.0
274,FarzadadazraF,0.0,1.0
275,day19146,0.0,1.0
276,Cyanide_0044,0.0,1.0
277,ShawnaAzad2,0.0,1.0
278,MarsS895863,0.0,1.0
280,Malusakam,0.0,1.0
245,visegrad24,0.0,1.0
281,Iraniam_2583,0.0,1.0
282,AidaWarahram2,0.0,1.0
283,mojgan07798961,0.0,1.0
284,1401_shadow,0.0,1.0
285,Babasha81979252,0.0,1.0
286,jilavis,0.0,1.0
287,aalchaa,0.0,1.0
288,afkaarenavid,0.0,1.0
289,AhoraMazda01,0.0,1.0
269,fuxy_twite,0.0,1.0
268,Mesi82068361,0.0,1.0
267,____ROHI____,0.0,1.0
266,SHAH_2582,0.0,1.0
246,PIROOZ03361555,0.0,1.0
247,Rezza2b,0.0,1.0
248,jasmine22713516,0.0,1.0
249,Milad9891,0.0,1.0
250,Cheshmabi74,0.0,1.0
251,Qaaaasem,0.0,1.0
252,farid_bela61055,0.0,1.0
253,ARDESHIR003,0.0,1.0
254,Maryam12214429,0.0,1.0
255,sarmadi_design,0.0,1.0
256,Hashimoto616,0.0,1.0
257,oshtb,0.0,1.0
258,AccuracyHHM,0.0,1.0
259,FarzandeIRAN123,0.0,1.0
261,Wanheda94353,0.0,1.0
262,mostafa81t81,0.0,1.0
263,Farid1242040519,0.0,1.0
264,Lordoflor1,0.0,1.0
265,MariaBabaie,0.0,1.0
771,1500tasvir,0.0,1.0
773,jijewar,0.0,1.0
1544,Amir_Thorn,0.0,1.0
1292,Jebheiran,0.0,1.0
1283,amini_sali85687,0.0,1.0
1284,DrShehabP,0.0,1.0
1285,Miladprz1989,0.0,1.0
1286,HHeLLFireeeeee,0.0,1.0
1287,Mirfendereski_1,0.0,1.0
1288,Klaus70268175,0.0,1.0
1289,S_Bahraminejad,0.0,1.0
1290,Theoristswarn,0.0,1.0
1291,_smiletowine,0.0,1.0
1293,Persian_picture,0.0,1.0
1281,hossein_d15,0.0,1.0
1294,maspersian2,0.0,1.0
1295,SinaMihandoost,0.0,1.0
1296,Rioooo_M4,0.0,1.0
1297,israelipm_farsi,0.0,1.0
1298,MShakiba0,0.0,1.0
1299,ManaaHastamm,0.0,1.0
1300,itsgisou,0.0,1.0
1301,SaeedRN93,0.0,1.0
1302,SunLight__White,0.0,1.0
1282,IsraelWarRoom,0.0,1.0
1280,afshin2019a,0.0,1.0
1304,mahistan,0.0,1.0
1268,tishtrya,0.0,1.0
1259,aferat74,0.0,1.0
1260,MParsa56716832,0.0,1.0
1261,shortfairy809,0.0,1.0
1262,Negarkorkor,0.0,1.0
1263,Belfi58515802,0.0,1.0
1264,hengmeham,0.0,1.0
1265,PesareIRANN,0.0,1.0
1266,Bri30s,0.0,1.0
1267,sinai980,0.0,1.0
1269,israelrouydad,0.0,1.0
1279,DokhtIrannn,0.0,1.0
1270,tahminehmolaei,0.0,1.0
1271,Shabnam283,0.0,1.0
1272,dariush_omran,0.0,1.0
1273,Navid3m,0.0,1.0
1274,SaeedKoushafar,0.0,1.0
1275,hs_maryam,0.0,1.0
1276,Hunter_of_57s,0.0,1.0
1277,MrsJamesAnne,0.0,1.0
1278,dokhtareatash1,0.0,1.0
1303,IranianPlateau,0.0,1.0
1305,antilashi2000,0.0,1.0
1257,FarhadiIvar,0.0,1.0
1340,Nazanin520,0.0,1.0
1331,myfootkin,0.0,1.0
1332,bozorgmehr,0.0,1.0
1333,its__violet_,0.0,1.0
1334,kayvanrassooli,0.0,1.0
1335,Soji_Destroyer,0.0,1.0
1336,OutFarsi,0.0,1.0
1337,Afrasiabrap,0.0,1.0
1338,ali_afrasiab,0.0,1.0
1339,marcu3_aureliu3,0.0,1.0
1341,Nobody_Y_S,0.0,1.0
1329,Sasan_n,0.0,1.0
1342,nsabbatooom46,0.0,1.0
1343,kaVallier34,0.0,1.0
1344,marziyemahmoodi,0.0,1.0
1345,merswan,0.0,1.0
1346,tii_ech,0.0,1.0
1347,notrealizumi,0.0,1.0
1348,nimabir87,0.0,1.0
1349,dawshtm,0.0,1.0
1350,iranwire,0.0,1.0
1330,ordakbarandaz,0.0,1.0
1328,rezahajilou,0.0,1.0
1306,hazliyeah,0.0,1.0
1316,J_L__Seagull,0.0,1.0
1307,Kourosh_techart,0.0,1.0
1308,sarbazepahlav,0.0,1.0
1309,KillBillLMAO,0.0,1.0
1310,EhsanTmusique,0.0,1.0
1311,baronessedulac,0.0,1.0
1312,OmidKT62,0.0,1.0
1313,emaeriaeem,0.0,1.0
1314,DarGoldan2,0.0,1.0
1315,MehdiMMJ,0.0,1.0
1317,MohamedGolesta1,0.0,1.0
1327,ItsDecado,0.0,1.0
1318,MEHDII2023II,0.0,1.0
1319,JoOldooz,0.0,1.0
1320,kyodo_official,0.0,1.0
1321,eghbaleghbali,0.0,1.0
1322,KhabarCheh,0.0,1.0
1323,RP_Iran_shah,0.0,1.0
1324,GroupNika,0.0,1.0
1325,MH_FREE_IRAN,0.0,1.0
1326,Iran_revolt14,0.0,1.0
1258,unknownuserWLF,0.0,1.0
1256,b_shirmardi,0.0,1.0
1352,o2GBLrPkV777772,0.0,1.0
1196,Qorabam,0.0,1.0
1187,GTA6Intel,0.0,1.0
1188,SasanRebels,0.0,1.0
1189,AshkanFadaei,0.0,1.0
1190,s_h_a_p_u_r,0.0,1.0
1191,Eretz_Nehederet,0.0,1.0
1192,PeymnQolipor,0.0,1.0
1193,mtorkamaan1995,0.0,1.0
1194,wojakhouseman,0.0,1.0
1195,Catsillyness,0.0,1.0
1197,Alithegeek,0.0,1.0
1185,massimomorattti,0.0,1.0
1198,realMaalouf,0.0,1.0
1199,pishibia2,0.0,1.0
1200,miniminiiyoongi,0.0,1.0
1201,Afkham_minus,0.0,1.0
1202,nainraq,0.0,1.0
1203,ghasssabb,0.0,1.0
1204,realDonaldTrump,0.0,1.0
1205,King__Mark,0.0,1.0
1206,Hastowa,0.0,1.0
1186,dahraaab,0.0,1.0
1184,2the_dark_byte_,0.0,1.0
1208,FARED_ALHOR,0.0,1.0
1172,MahdyarAghajani,0.0,1.0
1163,redracehorse,0.0,1.0
1164,sarahshamsaei,0.0,1.0
1165,QawluAlsawarem,0.0,1.0
1166,Hourtaab,0.0,1.0
1167,renenbaum,0.0,1.0
1168,baba_kiseh,0.0,1.0
1169,dibanchoodam,0.0,1.0
1170,a_baby_hamster,0.0,1.0
1171,NikkiHaley,0.0,1.0
1173,MetroBoomin,0.0,1.0
1183,Samaismm,0.0,1.0
1174,yaaKar1m,0.0,1.0
1175,viivienn__,0.0,1.0
1176,mezraaaab,0.0,1.0
1177,vanitarmart,0.0,1.0
1178,Sadiography,0.0,1.0
1179,kaukavat,0.0,1.0
1180,pishibia,0.0,1.0
1181,titab_inmood,0.0,1.0
1182,MinionLn,0.0,1.0
1207,Rol3erto,0.0,1.0
1209,HrrGhostWriter,0.0,1.0
1255,IamZeus6,0.0,1.0
1244,Miss___monaliza,0.0,1.0
1235,Jokernejad,0.0,1.0
1236,2rni3a_ezm,0.0,1.0
1237,XkbarX,0.0,1.0
1238,hesamorouji,0.0,1.0
1239,RahamimoffTamar,0.0,1.0
1240,manototv,0.0,1.0
1241,NiohBerg,0.0,1.0
1242,netanyahu,0.0,1.0
1243,ErnestMach39,0.0,1.0
1245,taraneeii,0.0,1.0
1233,DearSoodi,0.0,1.0
1246,NahidGhani,0.0,1.0
1247,behnamahz,0.0,1.0
1248,mollah,0.0,1.0
1249,ada_mash,0.0,1.0
1250,cheragh_aseman,0.0,1.0
1251,___p___r___,0.0,1.0
1252,Ansari_Bahman,0.0,1.0
1253,JokerIrani1401,0.0,1.0
1254,AhouraaM,0.0,1.0
1234,VOAfarsi,0.0,1.0
1232,AfsoonAB,0.0,1.0
1210,no_itsmyturn,0.0,1.0
1220,nerde_dog,0.0,1.0
1211,I2ationaL,0.0,1.0
1212,AsalJazideh,0.0,1.0
1213,weirddalle,0.0,1.0
1214,kirawontmiss,0.0,1.0
1215,tastefullysaucy,0.0,1.0
1216,basedakiva,0.0,1.0
1217,GarbageHuman24,0.0,1.0
1218,strawmellii,0.0,1.0
1219,ysabellahazan,0.0,1.0
1221,iraneazad1,0.0,1.0
1231,Golareh0,0.0,1.0
1222,no_______idea,0.0,1.0
1223,HSheibanyrad,0.0,1.0
1224,MaryamDior,0.0,1.0
1225,k_Mostafavi,0.0,1.0
1226,itshamedfard,0.0,1.0
1227,khanoom_tameshk,0.0,1.0
1228,lilith_st6,0.0,1.0
1229,ManotoNews,0.0,1.0
1230,mahboubeh_mdi,0.0,1.0
1351,mmdbqry2,0.0,1.0
1353,Hengaw_English,0.0,1.0
774,delusinalpar,0.0,1.0
1485,nickbot21,0.0,1.0
1476,AdrianCalamel,0.0,1.0
1477,BehrangRahbari,0.0,1.0
1478,vahid_y1,0.0,1.0
1479,myfootkinbro,0.0,1.0
1480,calvinrobinson,0.0,1.0
1481,sentdefender,0.0,1.0
1482,Iamtomm71846740,0.0,1.0
1483,juneslater17,0.0,1.0
1484,ScoopUrban,0.0,1.0
1486,potkazar,0.0,1.0
1474,abolfazladz,0.0,1.0
1487,Mikey007007,0.0,1.0
1488,selena_nfrd,0.0,1.0
1489,SamieSkyee,0.0,1.0
1490,a21pink222,0.0,1.0
1491,DeepaParent,0.0,1.0
1492,Action4IR,0.0,1.0
1493,ZTEAM1401,0.0,1.0
1494,elonmusk,0.0,1.0
1495,EllieCohanim,0.0,1.0
1475,hambastegi,0.0,1.0
1473,HassanRonaghi,0.0,1.0
1497,YeOne_Rhie,0.0,1.0
1461,marianmeyer0,0.0,1.0
1452,iran36900,0.0,1.0
1453,RezaMoh41155063,0.0,1.0
1454,ItsNoOshabe,0.0,1.0
1455,MaryAbtArt,0.0,1.0
1456,PokiRae_,0.0,1.0
1457,nickdixoncomic,0.0,1.0
1458,RonEng1ish,0.0,1.0
1459,AvonandsomerRob,0.0,1.0
1460,Iranian_Ava,0.0,1.0
1462,Benjamin2Buton,0.0,1.0
1472,toomajofficial2,0.0,1.0
1463,marde_khaaste,0.0,1.0
1464,MedFacts101,0.0,1.0
1465,Faraz_Rqz,0.0,1.0
1466,kshahrooz,0.0,1.0
1467,YEKIazYEKI,0.0,1.0
1468,lordkutuleh,0.0,1.0
1469,X4LIREZ4X,0.0,1.0
1470,leillinga,0.0,1.0
1471,JustLuai,0.0,1.0
1496,honar1401,0.0,1.0
1498,KarmelMelamed,0.0,1.0
1450,AmnestyIran,0.0,1.0
1533,gghamari,0.0,1.0
1524,BonHamidscott17,0.0,1.0
1525,phoenix_memoir,0.0,1.0
1526,AbanFamilies,0.0,1.0
1527,SourenaSouren,0.0,1.0
1528,EP_President,0.0,1.0
1529,richardbranson,0.0,1.0
1530,mansoureh_1996,0.0,1.0
1531,HNeumannMEP,0.0,1.0
1532,AgnesCallamard,0.0,1.0
1534,sinavaliollah,0.0,1.0
1522,NilofarAyoubi,0.0,1.0
1535,AyatollaBoJiden,0.0,1.0
1536,mariam_zadah,0.0,1.0
1537,navitehrani,0.0,1.0
1538,ShhrwndF,0.0,1.0
1539,IMMEMOSH,0.0,1.0
1,SaiedehSaideh59,0.0,1.0
1541,SedayeBsedaee,0.0,1.0
1542,faRiBa_8,0.0,1.0
1543,AshleaSimonBF,0.0,1.0
1523,occam_razor01,0.0,1.0
1521,EasternNergal,0.0,1.0
1499,shirin200400,0.0,1.0
1509,MaryBanihashemi,0.0,1.0
1500,DamonHet,0.0,1.0
1501,ashk_shadi,0.0,1.0
1502,nirvanalover83,0.0,1.0
1503,Donya_iranii,0.0,1.0
1504,Lillian3003,0.0,1.0
1505,sharland57753,0.0,1.0
1506,MFSS06864449,0.0,1.0
1507,AlirezaAkhondi,0.0,1.0
1508,lmshygirl,0.0,1.0
1510,RichardDawkins,0.0,1.0
1520,LawdanBazargan,0.0,1.0
1511,lojjhpejkkd,0.0,1.0
1512,n_ara30,0.0,1.0
1513,Sheyda36,0.0,1.0
1514,ak_ar3hi,0.0,1.0
1515,KambizSafaie,0.0,1.0
1516,khodanashenas,0.0,1.0
1517,globalnews,0.0,1.0
1518,FreeMajidKazemi,0.0,1.0
1519,memarsadeghi,0.0,1.0
1451,HatIsRed,0.0,1.0
1449,NakedAkhoond,0.0,1.0
1354,DawnAndTheX,0.0,1.0
1388,DumanRadmehr,0.0,1.0
1379,Heyranjaan,0.0,1.0
1380,fuckbehamechii,0.0,1.0
1381,nazanin7,0.0,1.0
1382,_houseofliberty,0.0,1.0
1383,darrengrimes_,0.0,1.0
1384,ToomajSalehiFan,0.0,1.0
1385,GazelleSharmahd,0.0,1.0
1386,nilooofarqam,0.0,1.0
1387,AmirkhizyMeliss,0.0,1.0
1389,DaveAtherton20,0.0,1.0
1377,JonathanHaroun1,0.0,1.0
1390,HelloMosie,0.0,1.0
1391,MinaAhadi9,0.0,1.0
1392,Vahid_Beheshti,0.0,1.0
1393,elicalebon,0.0,1.0
1394,piersmorgan,0.0,1.0
1395,EmmanuelMacron,0.0,1.0
1396,IranIntl_En,0.0,1.0
1397,Banjjjjo,0.0,1.0
1398,FA59612572,0.0,1.0
1378,memaaaaar,0.0,1.0
1376,SenatorHagerty,0.0,1.0
1400,omid9,0.0,1.0
1364,guardian,0.0,1.0
1355,JodieButFaster,0.0,1.0
1356,HillelNeuer,0.0,1.0
1357,ManBarayeIran,0.0,1.0
1358,justchangingun,0.0,1.0
1359,pedha,0.0,1.0
1360,Edd_persian,0.0,1.0
1361,Electro04715783,0.0,1.0
1362,f_poory,0.0,1.0
1363,chelseahartisme,0.0,1.0
1365,h0llyjohnston,0.0,1.0
1375,3KooH,0.0,1.0
1366,SepiBordian,0.0,1.0
1367,baharsp,0.0,1.0
1368,Sikholg,0.0,1.0
1369,SenJoniErnst,0.0,1.0
1370,son_of_Koorosh,0.0,1.0
1371,UNWatch,0.0,1.0
1372,MichaelGReno,0.0,1.0
1373,guardiannews,0.0,1.0
1374,TOIAlerts,0.0,1.0
1399,ameensol,0.0,1.0
1401,100_resaneh,0.0,1.0
1448,NeedForSpeed02,0.0,1.0
1437,Arash_Army,0.0,1.0
1428,Mooniter,0.0,1.0
1429,arixolin,0.0,1.0
1430,Sakura8080136,0.0,1.0
1431,SylviaPearl2,0.0,1.0
1432,Mpmaziyar,0.0,1.0
1433,namira713,0.0,1.0
1434,NaderSoltanpour,0.0,1.0
1435,GeneralAtabak,0.0,1.0
1436,hatefmotahhary,0.0,1.0
1438,zamiin_gerdeh,0.0,1.0
1426,Plasticartman,0.0,1.0
1439,mondajune,0.0,1.0
1440,HRANA_English,0.0,1.0
1441,khodn98,0.0,1.0
1442,bad6an3,0.0,1.0
1443,FercheWC,0.0,1.0
1444,mogharebati,0.0,1.0
1445,joia_isaac,0.0,1.0
1446,z_tondro,0.0,1.0
1447,iAmAshkanRahimi,0.0,1.0
1427,MahyarTousi,0.0,1.0
1425,tierraElibertad,0.0,1.0
1402,elaheshake60650,0.0,1.0
1412,MattieHeaven,0.0,1.0
1403,r_tamizkar,0.0,1.0
1404,antisemitism,0.0,1.0
1405,EdvinFarhadG,0.0,1.0
1406,OfArakis,0.0,1.0
1407,Shahinlooo,0.0,1.0
1408,AlirezaNader,0.0,1.0
1409,n_roettgen,0.0,1.0
1410,Elyria2016,0.0,1.0
1411,NazaninNour,0.0,1.0
1413,BachehayeIran,0.0,1.0
1424,emilyshar1,0.0,1.0
1414,DouglasKMurray,0.0,1.0
1415,forallofiran,0.0,1.0
1416,User10ne,0.0,1.0
1417,SebGorka,0.0,1.0
1418,Sama_irooni,0.0,1.0
1419,cj_sab00,0.0,1.0
1420,Nigel_Farage,0.0,1.0
1421,KasraAarabi,0.0,1.0
1423,1tyranno,0.0,1.0
1162,NotShelled,0.0,1.0
1161,Israel,0.0,1.0
1160,ieatalexturner1,0.0,1.0
905,homaydard,0.0,1.0
896,lzeinabzamanl,0.0,1.0
897,ShelerHaghani,0.0,1.0
898,Elnaazmohammadi,0.0,1.0
899,pulsantedipausa,0.0,1.0
900,m_bayatzanjani,0.0,1.0
901,aliboskabady,0.0,1.0
902,FadaiAsl,0.0,1.0
903,SGhanbarpour,0.0,1.0
904,icepiton,0.0,1.0
906,mozhgankshavarz,0.0,1.0
894,alibozorgian,0.0,1.0
907,nimasohrabi_,0.0,1.0
908,Sardardofgod,0.0,1.0
909,Lotusbisscofs,0.0,1.0
910,Sanjaribaf,0.0,1.0
911,vidarwarrior,0.0,1.0
912,AlinejadMasih,0.0,1.0
913,borhanimohsen1,0.0,1.0
914,amirreiis,0.0,1.0
915,mahdokht_d,0.0,1.0
895,cinemaa_1,0.0,1.0
893,PejmanMousavi,0.0,1.0
917,HosseinRonaghi,0.0,1.0
881,erae_gone,0.0,1.0
872,soulinabi,0.0,1.0
873,Alak44190056,0.0,1.0
874,daarooonn,0.0,1.0
875,Mana_d_75,0.0,1.0
876,_noghteh,0.0,1.0
877,pardis__rabiee,0.0,1.0
878,HeKasrehCrisis,0.0,1.0
879,AYarahamadi,0.0,1.0
880,GFakhari,0.0,1.0
882,eb_melika,0.0,1.0
892,MRYAZDAN,0.0,1.0
883,Yakhbandane,0.0,1.0
884,AbousahlZoozani,0.0,1.0
885,sherminnaderi,0.0,1.0
886,Jila88514114,0.0,1.0
887,HajipourShervin,0.0,1.0
888,haachiiiam,0.0,1.0
889,FarzadAhmadpour,0.0,1.0
890,lecturiasus,0.0,1.0
891,hanieh35,0.0,1.0
916,monaborzouei,0.0,1.0
918,HawarHelp,0.0,1.0
870,shahinmilani81,0.0,1.0
954,E_Aria_N,0.0,1.0
945,FattahiFarzad,0.0,1.0
946,IranIntlbrk,0.0,1.0
947,shokrani_maryam,0.0,1.0
948,faridsafajoo,0.0,1.0
949,Rad6_6_6,0.0,1.0
950,Survivor_2_,0.0,1.0
951,AmirMiresmaeili,0.0,1.0
952,YourBelovedDude,0.0,1.0
953,Khalifaevaz,0.0,1.0
955,ateschgah,0.0,1.0
943,1hundredf,0.0,1.0
956,mohammadaleph,0.0,1.0
957,NL1358,0.0,1.0
958,Zebr4a,0.0,1.0
959,mahsa_piraei,0.0,1.0
960,shino_sdch,0.0,1.0
961,ElhamOmidvari,0.0,1.0
962,Him_wood,0.0,1.0
963,fridaaaaf,0.0,1.0
964,AminSabeti,0.0,1.0
944,miladpoureisa,0.0,1.0
942,shimababaeii,0.0,1.0
919,FatpixelFat,0.0,1.0
930,HadiZonouzi,0.0,1.0
920,mansurehhossai2,0.0,1.0
921,esmaeilion,0.0,1.0
922,C_AB_,0.0,1.0
923,HajizadehMoloud,0.0,1.0
924,hosseinbastani,0.0,1.0
926,jilabani,0.0,1.0
927,ZiaNabavi1,0.0,1.0
928,miladalavii,0.0,1.0
929,aboozarrrr,0.0,1.0
931,Sima_Sabet,0.0,1.0
941,AbdullahMohtadi,0.0,1.0
932,roozbehmon,0.0,1.0
933,Mohammad64karim,0.0,1.0
934,pouriazeraati,0.0,1.0
935,ahampay,0.0,1.0
936,ArianArian00,0.0,1.0
937,khoshnevisnaser,0.0,1.0
938,akvanian,0.0,1.0
939,hoseinshirzad89,0.0,1.0
940,JohnnyNash77,0.0,1.0
871,KmNegar,0.0,1.0
869,Beheshtehr,0.0,1.0
1159,angelicunty,0.0,1.0
808,Farbodahmadi880,0.0,1.0
799,FXMNDLSN,0.0,1.0
800,gh0lch0magh,0.0,1.0
801,afkari_saeed,0.0,1.0
802,NazaninHonarkar,0.0,1.0
803,freeiran_2023,0.0,1.0
804,SaamGivrad,0.0,1.0
805,babakazar,0.0,1.0
806,farhadmahmoudi8,0.0,1.0
807,shm93107857,0.0,1.0
809,samanrashnoo,0.0,1.0
797,qalicheh,0.0,1.0
810,Golishoon,0.0,1.0
811,MotG96,0.0,1.0
812,fardadshirt,0.0,1.0
813,theedrisishouse,0.0,1.0
814,Morteza_Sorkh1,0.0,1.0
815,ImMA8172,0.0,1.0
816,KhatibiOfficial,0.0,1.0
817,Naseram0110,0.0,1.0
818,Loc0m0,0.0,1.0
798,SamNoori1968,0.0,1.0
796,GolestanParsa,0.0,1.0
820,maramezani,0.0,1.0
784,sharagim_zand,0.0,1.0
775,vazhe23,0.0,1.0
776,Arashghafari8,0.0,1.0
777,OfficialToomaj,0.0,1.0
778,HomayounHassan,0.0,1.0
779,arash_rah,0.0,1.0
780,farhad_mottaghi,0.0,1.0
781,3ameffect_,0.0,1.0
782,parsia_kazmi,0.0,1.0
783,SharifiZarchi,0.0,1.0
785,beehnam,0.0,1.0
795,Kolbarnews,0.0,1.0
786,NR2OH,0.0,1.0
787,Mojtabapacino,0.0,1.0
788,MahtabShalGard,0.0,1.0
789,amir_min1,0.0,1.0
790,simamoradb51053,0.0,1.0
791,Tiredgnat,0.0,1.0
792,Mostafa19857636,0.0,1.0
793,azadi_abadi_ir,0.0,1.0
794,conor1027,0.0,1.0
819,mohamadhosein_2,0.0,1.0
821,mehmoh89,0.0,1.0
868,Amir0x01,0.0,1.0
857,maroofian_n,0.0,1.0
848,persianbanoo,0.0,1.0
849,bahmandaroshafa,0.0,1.0
850,inja_injaneb,0.0,1.0
851,AlirezaStewie,0.0,1.0
852,adrian_brodi,0.0,1.0
853,_connectedroots,0.0,1.0
854,Marjillu,0.0,1.0
855,BaniTaherian,0.0,1.0
856,greenCamomile,0.0,1.0
858,mozhganmodaress,0.0,1.0
846,hana_paeizi,0.0,1.0
859,AvandFardi,0.0,1.0
860,hafezeh_tarikhi,0.0,1.0
861,GheshlaghiAidin,0.0,1.0
862,IliaHashemicom,0.0,1.0
863,Sari_pishik,0.0,1.0
864,arte_alb,0.0,1.0
865,MajidTavakolii,0.0,1.0
866,whoisfarhad,0.0,1.0
867,Hootan_HHH,0.0,1.0
847,PersianWaffle,0.0,1.0
845,JTeimasi,0.0,1.0
822,beotatpt13,0.0,1.0
833,ForEveryBd,0.0,1.0
823,id3bug,0.0,1.0
824,PanahiRafiq,0.0,1.0
825,bardyar_,0.0,1.0
826,Rppress0,0.0,1.0
827,Alighazizade,0.0,1.0
828,KambizGhafouri,0.0,1.0
829,chaterbox3025,0.0,1.0
830,MoHa78MmaD,0.0,1.0
832,VakilipourR,0.0,1.0
834,sedmamood,0.0,1.0
844,yutab_2023,0.0,1.0
835,golbarg20201,0.0,1.0
836,Banafshehviola,0.0,1.0
837,saeedpaydarfard,0.0,1.0
838,LiberalArtist0,0.0,1.0
839,abelbalb,0.0,1.0
840,HelliAzad,0.0,1.0
841,Leadsoldier3,0.0,1.0
842,Amooamirkhan,0.0,1.0
843,MaryamMoqaddam,0.0,1.0
965,farzad_az,0.0,1.0
966,Tavaana,0.0,1.0
967,nikahang,0.0,1.0
1099,navidmanam,0.0,1.0
1090,RenzoGraciani,0.0,1.0
1091,TheMossadIL,0.0,1.0
1092,charliekirk11,0.0,1.0
1093,huburz,0.0,1.0
1094,hubble098,0.0,1.0
1095,Terror_Alarm,0.0,1.0
1096,_Reaganite_,0.0,1.0
1097,AuroraIntel,0.0,1.0
1098,Osinttechnical,0.0,1.0
1100,MOSSADil,0.0,1.0
1088,noatishby,0.0,1.0
1101,HenMazzig,0.0,1.0
1102,mdubowitz,0.0,1.0
1103,young_sheldon1,0.0,1.0
1104,Ex_Muslimm,0.0,1.0
1105,KayhanLondon,0.0,1.0
1106,Astarieee,0.0,1.0
1107,goat_Thecreator,0.0,1.0
1108,kasrakarimi3,0.0,1.0
1109,ImtiazMadmood,0.0,1.0
1089,iwasshiin,0.0,1.0
1087,DrEliDavid,0.0,1.0
1111,Schahrzad_b,0.0,1.0
1075,fromIranLand,0.0,1.0
1066,iranioadad,0.0,1.0
1067,CollinRugg,0.0,1.0
1068,voltaireiran,0.0,1.0
1069,SoshiyanZarrin,0.0,1.0
1070,pir_e_khereft,0.0,1.0
1071,amjadt25,0.0,1.0
1072,emilykschrader,0.0,1.0
1073,paulrubens,0.0,1.0
1074,IranImmortals,0.0,1.0
1076,__EcceHomo2,0.0,1.0
1086,MosabHasanYOSEF,0.0,1.0
1077,SteveInmanUIC,0.0,1.0
1078,ChayaRaichik10,0.0,1.0
1079,EndWokeness,0.0,1.0
1080,Wander1Mystical,0.0,1.0
1081,MahanMehrabi2,0.0,1.0
1082,GadSaad,0.0,1.0
1083,Cheekypicky_3,0.0,1.0
1084,historyinmemes,0.0,1.0
1085,SvejkSoldat,0.0,1.0
1110,GadflyPersia,0.0,1.0
1112,iraan_land,0.0,1.0
968,1makisf,0.0,1.0
1147,AsgharSepehri,0.0,1.0
1138,siamak_azami,0.0,1.0
1139,Riley_Gaines_,0.0,1.0
1140,GilaGamliel,0.0,1.0
1141,james_bidin,0.0,1.0
1142,LibertyCappy,0.0,1.0
1143,JasonMBrodsky,0.0,1.0
1144,TheBabylonBee,0.0,1.0
1145,iraj_mesdaghi,0.0,1.0
1146,HosseinAshtarii,0.0,1.0
1148,The1_No1,0.0,1.0
1136,navidmohebbi,0.0,1.0
1149,SabaBakhtyari,0.0,1.0
1150,TimRunsHisMouth,0.0,1.0
1151,RepBrianMast,0.0,1.0
1152,Maryamshariatm,0.0,1.0
1153,spegah,0.0,1.0
1155,TatiTatikon,0.0,1.0
1156,kiyananistam,0.0,1.0
1157,laurapalmerirl,0.0,1.0
1158,Mollaparast,0.0,1.0
1137,AvivaKlompas,0.0,1.0
1135,cicikhanoom,0.0,1.0
1113,MahnazShirali,0.0,1.0
1123,AliHamid27,0.0,1.0
1114,AdamSmitm2018,0.0,1.0
1115,Rastin_Research,0.0,1.0
1116,HichkasOfficial,0.0,1.0
1117,gholamhoseiny,0.0,1.0
1118,IDF,0.0,1.0
1119,BamdadEtemad,0.0,1.0
1120,afagerbakke,0.0,1.0
1121,tanhayektiger,0.0,1.0
1122,DoctorNazarian,0.0,1.0
1124,CameronBehzadi,0.0,1.0
1134,VerminusM,0.0,1.0
1125,blue_eyes_174,0.0,1.0
1126,thesittinggav,0.0,1.0
1127,AntiProp_aganda,0.0,1.0
1128,BeJooneTo,0.0,1.0
1129,patrick_jane77,0.0,1.0
1130,hadiisii,0.0,1.0
1131,LostWeapons,0.0,1.0
1132,TuckerCarlson,0.0,1.0
1133,PanteaPeyvandi,0.0,1.0
1065,SenTomCotton,0.0,1.0
1064,michaelgwaltz,0.0,1.0
1063,SenTedCruz,0.0,1.0
1002,alireigns1011,0.0,1.0
993,TheLastFist,0.0,1.0
994,SiminDokhtz,0.0,1.0
995,19shiamir,0.0,1.0
996,azam15330917,0.0,1.0
997,NimaRezaee85098,0.0,1.0
998,persephone7597,0.0,1.0
999,MyEpiphany11,0.0,1.0
1000,Ali42879780Ali,0.0,1.0
1001,smaeel_azari,0.0,1.0
1003,amirhoossein78,0.0,1.0
991,doosimusic,0.0,1.0
1004,miladboukani8,0.0,1.0
1005,mehdimoradi84,0.0,1.0
1007,AmirSoltanzade2,0.0,1.0
1008,Ehsanviews1,0.0,1.0
1009,Rsheermohammadi,0.0,1.0
1010,tajolmolook123,0.0,1.0
1011,erwin_pyrite,0.0,1.0
1012,phouzhan,0.0,1.0
1013,MMehran,0.0,1.0
992,Radioferferi,0.0,1.0
990,yarrahimehdi,0.0,1.0
1062,SnakeDocTop,0.0,1.0
978,TheRitalin,0.0,1.0
969,MilaDnu,0.0,1.0
970,tousheh,0.0,1.0
971,dscampaign1,0.0,1.0
972,Soroush_Pa,0.0,1.0
973,h__bd8,0.0,1.0
974,Nima__Nikjoo,0.0,1.0
975,Yavarmoshirfar,0.0,1.0
976,Lady_Verta,0.0,1.0
977,NarimanGharib,0.0,1.0
979,_____ALEF_____,0.0,1.0
989,Erfan_khosravi,0.0,1.0
980,Jeanne2022Rev,0.0,1.0
981,Iliaaaa6,0.0,1.0
982,bluecrow111,0.0,1.0
983,Nahidmmm,0.0,1.0
984,vinicheh,0.0,1.0
985,khodanoor_01,0.0,1.0
986,NeginNiknaam0,0.0,1.0
987,a8n3s,0.0,1.0
988,mehd_ban,0.0,1.0
1014,Chakavak_cherry,0.0,1.0
1015,OMINA_98,0.0,1.0
1016,Yasna25iran,0.0,1.0
1050,FareenAssemi,0.0,1.0
1041,AzadeMokhtari,0.0,1.0
1042,pepero_123,0.0,1.0
1043,esmailifarshad,0.0,1.0
1044,mhkh58,0.0,1.0
1045,ghorubeyek,0.0,1.0
1046,HamedTabaar,0.0,1.0
1047,XLOG4RX,0.0,1.0
1048,PIR00Z,0.0,1.0
1049,Alinanvayi,0.0,1.0
1051,salooooch,0.0,1.0
1017,windymileer,0.0,1.0
1052,Farivarkharabat,0.0,1.0
1053,corrrdeliiiaaa,0.0,1.0
1054,IRAJMILANI_TW,0.0,1.0
1055,mehdifily,0.0,1.0
1057,PersianGodless,0.0,1.0
1058,allamehmadjlesi,0.0,1.0
1059,Illwill________,0.0,1.0
1060,sarahraviani,0.0,1.0
1061,sangtarash_azad,0.0,1.0
1040,irandmaa,0.0,1.0
1039,GhaysariMo96467,0.0,1.0
1038,Cheshmehvasang,0.0,1.0
1037,ChefKhashi,0.0,1.0
1018,Hordood,0.0,1.0
1019,Atefeh0__,0.0,1.0
1020,Smkokurd,0.0,1.0
1021,LightofRev,0.0,1.0
1022,mahshid_nazemi,0.0,1.0
1023,iranbaan,0.0,1.0
1024,abas_boazarr,0.0,1.0
1025,GM_Mostaghel,0.0,1.0
1026,ToomajArmy,0.0,1.0
1027,HaDs_gh_,0.0,1.0
1028,sksk808080,0.0,1.0
1029,Irandoxt,0.0,1.0
1030,tirimirii,0.0,1.0
1031,sonofniche,0.0,1.0
1032,KhavaranKaveh,0.0,1.0
1033,DamDami,0.0,1.0
1034,arash_sobhani,0.0,1.0
1035,Adorno_Persian,0.0,1.0
1036,IranIntl,0.0,1.0
3079,fillarrete,0.0,1.0
