Id,Cluster
12,0
764537,0
788524,0
790728,13
1367531,9
2172631,11
4782551,17
5402612,0
5941722,0
6135642,0
6890412,18
7587032,0
8161232,0
11744152,0
11790882,11
12193402,11
13218102,6
13382052,0
14077382,0
14092789,11
14216661,0
14569869,0
14600723,11
14713427,11
15143478,0
15212187,11
15669672,11
15745368,0
15912890,11
15930061,11
16102208,11
16192197,0
16274802,0
16314859,0
16465385,11
16523905,14
16671007,11
16705767,0
16912915,14
17005368,11
17061263,0
17062358,0
17068970,11
17469289,18
17783532,17
17814635,11
17877490,11
18055418,0
18086120,0
18213483,0
18216618,18
18300931,1
18336608,14
18409325,14
18576537,18
18760840,0
18809354,11
19002586,4
19017675,0
19338927,11
19341389,0
19489239,18
19636350,12
19863176,0
19899606,11
19919875,11
20668842,1
20711586,0
21439144,11
21614316,11
21866939,0
22434517,0
22495731,0
22703645,6
23231946,6
23446898,6
25033880,12
25073877,8
25227444,0
25508510,11
25667195,0
27955781,0
28066831,0
28096877,11
28299819,6
28428829,11
28492660,11
29016548,0
30216513,0
31064165,11
33608041,11
34209496,11
34332516,4
34361668,17
34367582,6
34476263,11
34686274,11
35051819,0
35067843,11
35678871,11
36992738,9
37196329,0
37241514,0
37413528,0
37535548,0
37729540,0
38154763,12
38220732,1
38385927,11
38506813,11
40501660,1
40535534,4
41084386,0
41370439,0
41778159,18
43051330,12
43510607,0
44196397,18
45167431,12
45227065,11
45243719,14
46287159,4
46482865,11
46628064,11
46919036,0
47126544,11
47133511,11
47214407,0
47399105,1
47421258,0
47448563,0
47481067,1
47536841,1
47635420,0
47696206,0
47705769,12
47722134,0
47731642,1
47737851,17
47749263,0
47776285,1
47828347,11
47891723,0
47927277,0
48010302,0
48113576,0
48177630,11
48187231,10
48209591,14
48252327,6
48257148,0
48534361,11
48643614,0
48765219,11
48865797,0
49050185,1
49127938,14
49258147,17
49315363,11
49384084,18
49426717,1
49506513,0
49554665,11
49557520,11
49592004,0
50299231,11
50415433,11
50487904,8
50516018,1
50599149,4
50635701,1
50998739,11
51244775,4
51434437,12
51483738,11
51484630,0
52425236,11
52444859,0
52660746,6
52787936,1
53341507,1
53830530,11
54301390,0
54631666,1
54700101,14
56356173,4
56782682,0
57291646,0
57730041,0
58271532,11
60066557,12
61047667,8
62855930,12
63273943,0
65473297,8
66475556,11
66967746,0
73387846,11
73937639,18
74453123,0
75055396,11
75343905,0
75861029,1
76172541,11
76288120,11
78523300,11
82576359,0
83148068,11
83435676,0
83733620,1
87474763,11
87818409,0
88389777,17
91242401,0
91416107,0
93249858,4
95092020,11
95521017,0
96951983,1
97054224,0
97320648,0
97323571,0
97523590,12
97650151,17
97914276,0
100798716,0
103065157,0
104228543,0
104256824,0
106492441,11
110482636,18
112684779,0
113480647,6
114060003,11
116502194,0
116579971,6
118756393,14
131538331,0
135962891,4
136607541,0
138632648,11
139879462,12
140051163,0
141084952,18
142230509,0
142772512,6
143373762,12
150750678,6
157376427,15
157644107,6
160940788,11
162703340,6
167307876,6
168176682,11
169179541,6
169871593,17
171200086,6
173247574,6
181198159,12
186037135,0
187214305,11
187615843,12
191167764,11
195853497,0
196952741,4
198324192,8
199325291,0
200610477,0
201712307,14
204930520,0
206427431,8
208488600,11
214908555,6
216299334,0
218813393,11
219819371,12
222187991,0
226928166,10
228855988,0
229966028,0
231069949,0
231653036,18
233250618,5
237695510,4
241204643,11
249916079,0
251633354,13
253420850,11
254086746,4
255040592,11
255073754,0
255123190,0
255386398,0
256221937,0
259772575,0
263357100,15
272729455,17
279032698,0
279454590,18
282324916,1
282659328,14
283386225,11
292852230,11
292929271,6
296021844,0
296625287,0
299180876,17
299416026,0
306132454,11
307063886,11
307297819,11
307548068,0
308991012,0
311724429,14
313890182,0
317177251,1
318492642,0
318653354,4
320191210,11
323444570,11
324919871,11
325629203,11
328106613,11
329600358,11
331339782,0
334036057,0
334161563,14
334581700,0
336662190,0
337808606,11
338949202,12
342181234,0
348732757,11
351120282,0
353536835,17
367154974,2
371317839,12
372113766,11
374712154,0
375050232,11
376412378,0
381071318,11
384481891,0
391245309,11
391684654,11
395303368,0
396148839,8
398752046,0
406527960,6
406666451,8
407476218,12
410326865,11
410718052,11
419520517,18
419714770,11
423924903,11
431867570,11
437780037,12
442737538,12
448400938,17
449588356,0
452493137,4
455264233,0
456965969,0
458008892,18
461478172,0
462103635,0
470213087,0
470388164,12
472774081,11
472897022,11
475317365,11
476618879,0
476691303,1
477934944,14
478899745,4
480737104,11
488772327,11
494247906,18
501942686,0
504656524,12
518692321,11
518873688,0
519732224,11
520879927,11
523746267,11
532379335,11
535336909,12
537709549,11
540087698,11
540140962,0
540458181,0
541125768,11
542347917,11
543032047,11
545293473,12
555234735,11
557396412,1
559891962,12
567528749,12
569352569,4
570018183,11
570737752,11
580956087,9
583634818,11
584376633,4
586053229,1
586291040,11
587281555,11
592122714,18
592730371,11
593100097,11
596050685,6
596413983,6
601176054,12
608065225,11
614783844,18
617263683,11
617873909,18
619323823,4
619400667,11
620393146,12
621407062,4
622945594,14
628139384,11
630578888,0
634339745,11
703414475,11
708026257,0
719596352,11
723878358,4
736855813,11
738333428,17
740833886,4
753128432,11
755142367,11
759913021,11
774362214,0
774576972,0
780787484,8
817403221,13
828914851,18
832035949,4
833673914,14
835992487,0
842330377,12
851763438,0
856691635,0
860332880,1
875364810,1
909512912,17
913063519,0
918412532,11
928581456,6
933149324,0
961897332,11
964998500,11
968650362,6
970229532,11
972611156,1
979050684,11
981134408,0
993630523,11
1009357110,0
1012443708,11
1027813969,11
1032558697,1
1034477790,11
1063489842,11
1070230291,0
1074480192,6
1078042598,0
1080647556,12
1084271022,11
1089998124,11
1103448882,9
1113100093,6
1125255000,18
1131917492,11
1145806178,11
1170087800,0
1173898058,11
1189524954,11
1189752218,1
1195954465,7
1196864822,1
1201045933,0
1201904378,11
1239655549,1
1240457875,0
1240672056,0
1242363361,1
1252857842,17
1271852322,0
1273698355,0
1283461568,0
1311480547,14
1316150730,4
1322420269,0
1323572124,1
1323728246,0
1326027540,1
1347894524,11
1351371042,12
1353957578,1
1354113871,7
1371454321,12
1373720898,18
1376687676,0
1378970222,4
1379391392,1
1398139273,12
1408312021,10
1408558266,11
1416128503,6
1416725066,12
1421082818,6
1431016177,0
1435634995,1
1437967645,0
1448799366,11
1460339257,4
1472488261,11
1492783710,1
1494577392,11
1515956552,0
1526986332,0
1528104978,11
1583865109,11
1584066241,11
1591904150,18
1596053533,0
1596294391,14
1600278877,0
1606257278,0
1616952684,11
1620765565,11
1626059502,12
1643346506,0
1646685096,0
1648719602,11
1657780411,11
1660909368,11
1664731507,11
1680631610,0
1686270312,6
1686668364,18
1706335075,1
1724463450,0
1849507512,18
1850229792,1
1857556140,0
1865344082,14
1882871270,11
1895316878,0
1896699619,0
1905636216,6
1908627954,6
1912428248,0
1934767400,11
1938485509,0
1953522745,0
1955124895,14
1959507445,9
1967216306,0
1976143068,0
1978200242,1
2149491403,1
2160721947,18
2161051908,8
2166352618,11
2167976370,11
2172599869,9
2176448622,0
2177326935,14
2182332444,11
2193495339,14
2194905277,0
2198382318,11
2199020853,0
2203267723,12
2209340905,0
2214100350,0
2219480202,11
2224624381,11
2230288177,11
2233404235,1
2236589471,0
2241707204,6
2244243253,0
2254982313,11
2260688268,4
2265794169,12
2269814823,1
2271666241,0
2280161403,11
2293023016,1
2300535848,1
2313967902,11
2314094473,17
2320519958,0
2322846787,12
2324997597,0
2330215110,1
2331584635,6
2348492714,0
2351909388,0
2356041844,11
2364164407,17
2373174403,11
2377612094,12
2378039176,4
2378839566,11
2383455180,1
2386350236,0
2387672676,0
2412738884,9
2414979296,0
2417586104,6
2418896652,11
2418945582,11
2423038272,8
2423392771,4
2424418705,12
2427113856,0
2435148192,1
2435620488,0
2438498226,6
2442235959,14
2442464718,0
2447969488,11
2448586596,1
2459966323,8
2460678915,11
2463622908,0
2468209243,4
2473622660,11
2481618301,18
2497923974,11
2529834984,8
2555010592,1
2572588962,0
2572902906,12
2581408111,12
2584412810,0
2588429818,0
2592412147,1
2598011401,11
2601628980,11
2613396403,12
2615173525,11
2643010852,11
2650464768,0
2651688830,6
2693264754,11
2704421318,0
2714031800,0
2714357858,11
2731248600,11
2744064398,11
2744823798,11
2759350759,11
2762279140,1
2764169126,11
2766340924,18
2778437004,11
2782254822,0
2792649947,11
2800216425,11
2801472864,4
2804605933,1
2820866529,6
2829571723,0
2831333656,14
2831569527,11
2831908699,0
2835451658,11
2850594323,11
2856787757,0
2865656340,4
2871004738,12
2871405720,18
2876917115,18
2880366888,12
2880839427,0
2884044251,11
2887580215,0
2894661244,1
2901846037,8
2906216146,6
2910544868,11
2916680884,1
2921501520,0
2930114046,11
2930578640,11
2934403896,6
2937142730,11
2942360981,0
2942614180,14
2946300174,11
2950042619,11
2951277580,11
2951606220,0
2955611162,11
2960042892,12
2971069279,0
2991576965,11
2992455768,11
2997699345,0
3001858353,4
3006348240,0
3012536404,11
3053731489,0
3062906803,11
3070942499,0
3071626218,11
3083953337,11
3118720037,4
3123016344,0
3134651737,11
3135844871,11
3136288799,11
3143104256,11
3145728307,9
3145802856,11
3154244632,0
3161558040,11
3164609911,17
3164924710,14
3167076164,0
3189754680,1
3230939541,18
3236635215,11
3237741079,6
3252582144,11
3255215282,11
3269273666,17
3278531995,0
3279246488,11
3296026530,4
3297474789,18
3297594548,11
3297632319,7
3298497218,17
3301947536,9
3302486951,0
3309035576,11
3341492770,11
3347300099,0
3352622686,17
3355536909,11
3369967613,8
3376384187,11
3391156168,0
3391179035,8
3397477355,11
3414505683,0
3421599215,11
3424728015,4
3429427779,0
3590077277,0
3609078502,11
3616678939,8
3823943241,12
3845454017,8
3851000734,15
4005388937,11
4075582205,11
4105891150,1
4129090039,0
4148884994,11
4159973201,8
4188202324,11
4204440580,0
4346255919,17
4356461356,9
4414166913,7
4420207816,12
4651329203,18
4691437897,0
4776838734,0
4795342575,11
4799185575,8
4847086839,17
4865550959,11
4904979732,4
4914384040,6
695054484083470336,18
702078420843278336,0
703814694667198464,1
704387476794830848,1
705854130896703488,18
707231479047315456,11
709152732230377472,18
709799258422173697,11
710745766827061248,15
711163935383273474,11
711920564386988032,0
713386067785809924,0
714077350904913920,17
714366422806171648,11
716220554362150912,17
717349448523902976,11
720675761825456132,11
722528529716383744,0
722757627877335040,4
722960833853173760,0
723720232720838657,1
724170852464496641,0
724352740051324928,17
724650385940557828,0
724709308445917184,11
725608553332006912,11
726040292424617985,12
727433056001380353,11
728252911675944961,10
728278501745373185,18
729966282188148736,0
730129892877049857,11
730148033225211906,11
731066315897626625,11
733085131972300800,11
734703626099232768,0
737049250366820356,18
737387991820296192,6
737494902481657858,0
740550489490743296,11
741464348099371008,11
743210519260192773,11
744256897050611712,11
746767750635356160,4
746817874002579457,1
748584200014536704,1
748962728333553668,0
749551939483004928,11
751764121876475905,11
751811653633617920,11
751858775045263360,4
754718787237281792,6
754996830774161408,11
755076367558074370,0
756576901481783296,4
758155303238176772,18
758182858716348416,6
759797500802920448,6
760474628682838016,0
760618514797436928,18
765628985187397632,7
766564329122594816,12
768018830014685184,11
769194300991234048,0
770969457682329600,1
772457957829316608,1
773040422990049280,0
773230604133564416,1
774174489458331649,14
775067343349288960,12
775333387909431296,11
777159380294782976,11
785463520070606848,0
785860478069342209,12
788782854025207813,11
792177705831858176,11
793590097425887233,0
794530811970195457,11
795252888201203712,11
797159363811147776,12
797201048490430465,0
797894729946038276,0
799352435034771456,1
799374709053915136,11
800044839131811840,11
801203059359678464,0
802011472964546560,11
802994025695510529,6
803104613629104128,0
804249337672908800,18
806244423961104388,6
807182914651877381,12
808471274255220737,1
809557260145807360,9
812299621527588864,1
813404671079514112,0
814103950404239360,6
814530850868043777,0
814864263189843968,12
815188996297003008,6
815193696152985601,11
815832079233478656,11
816504369629822976,11
817735020043505667,0
818212054804926466,11
818837224003289088,0
819230361368412160,12
819963533303705601,18
821685114186895362,7
821995795243270145,11
822188103360188416,9
822271080085622784,0
822347309979672577,11
822392395555708928,11
822523445275717633,0
822897904968986624,12
824030456333135876,11
824916487647404034,12
824933986560573441,18
825629504072617984,0
826088887604899844,11
826551747971805186,11
828566340365643776,4
829018916190035968,11
829627156976242689,4
829733919499100160,1
829772284550328324,1
829813524037779457,11
830055191395201024,11
830726294077792260,11
831525989616332801,9
836037739397033984,0
837738968523341825,0
838643211736211456,11
839104090621759488,11
840814070160842753,11
842078884950601728,11
843659641473064961,11
845376539315204096,0
845414205654286336,0
846046192370880512,11
847301196465414145,14
847723061583372288,0
848620374153715717,4
849025028519809025,11
849543493970259968,0
849819334293803013,1
851214088793448450,1
851750146001993728,11
853237472150659072,6
855300206086168576,11
855481986290524160,6
856093944622358528,11
857988025191682048,11
858410836796338177,11
858459815177318404,11
859052578969182210,0
862372323562848263,0
864099594841489409,0
864438647076081669,11
866023004450566145,11
866352530321801216,11
867126568451280896,11
867126692321656832,11
867400983340568576,0
868099066516975617,11
868108839987630080,11
868231463061377029,11
868904778042134528,14
869987821649625088,0
872000721893371904,11
872397577009934336,11
872447296499314689,11
872506553911390208,0
872762088632004612,11
873302941020688384,12
874330245037527040,9
874629444224376833,0
874896844878381057,11
875599848761737216,1
875742452270989312,0
876750583037927429,14
876819899406053376,11
876852749765181445,11
876905949872750593,18
877618173280911360,0
877998693202485250,8
878301870468608000,12
878310899756433408,11
878420453509001216,11
878896900937789440,18
879022777730293762,12
879209721902891010,11
880801993039761408,1
881098225092087808,11
881242741166022659,6
883008422089826304,0
884148547267985412,11
884525585501966336,0
886197630753280000,8
886279755305234434,11
888120721783742467,18
888966422893928449,1
890061634181373952,6
890881362491736065,15
891346400386134016,11
892203732657504257,8
892356724442636288,7
893443960793952260,11
893757772025798656,19
894177293710610434,1
895538480192868352,15
896665728463638528,12
898098068079468544,18
900995846673649665,0
901410954071748608,4
903154908039348224,6
904044099040403457,11
905153715245637634,0
905359031694491648,11
905563470707515394,0
905710939575595008,7
905916780119547904,4
906578736467779584,0
907606627880198145,11
908580919132459008,17
908765636108709888,11
909065211059036160,8
910018914213662721,11
911309327276929024,11
911550247133999104,11
911978250813009921,0
915384490796748800,12
915874542245081088,11
918198302742630401,4
919725913469747200,11
920307525643272193,11
920590762294816769,18
921487619342692352,11
921793308715823105,11
925299893681491968,0
926031038371061760,0
927309656787124225,18
927513257946083329,18
928585225566699520,0
928712499804827648,9
930405992776511488,11
932815016549539840,11
935701736051920896,12
936411354214178816,1
936731383845834752,4
938050231454793728,0
940847601921986562,18
943300780383141888,11
943502519992573952,17
944260145244143617,11
945669101237751808,11
945886639603310592,6
945912853197864960,1
945923613420544000,11
946107449890820096,11
946806590249848842,12
946961836003401734,1
947066796342956032,1
947099292182990848,0
947107471985926145,12
947242675350228992,12
947313892883140608,11
947322816990298112,1
947626817493585920,1
947728476135501825,11
947914487692234752,11
947924373029171200,14
947931989587439616,6
947985297287122945,11
948910895136149504,12
948968653374017537,4
949022730065797120,11
949072114916777985,0
949680157857632258,14
949756970109517824,1
949759277224419328,1
950080458439774208,11
950267536003747840,12
950657206399176704,0
950766802329518080,12
951222365878353922,0
951741779581329408,12
952978023372017664,4
953191984432336896,11
953537928277487616,11
953623284830146560,11
954653399970086913,11
956250773708591111,11
958274012081217536,1
959142611025059842,11
959891302421815296,12
960279607286132736,12
961645487022657537,0
961742450632069121,4
962387325845164032,14
963412604952727552,11
963777541910577152,11
963878358026211330,9
964786948849242112,0
965715917413015552,11
967325689472053249,17
967709919540596736,6
969677837333606400,18
973471717937967104,8
975494625095028737,18
975514363913293824,12
976966801685925888,17
978606266040938496,8
978996880834158595,12
979547029675368449,6
981149624303054848,3
981471236617330688,6
981579100669272065,11
982322806275719168,11
982661856170053633,11
982872801026760704,6
982979291884474369,1
984193418694938625,9
984701142260215808,18
984887272393904128,8
984979596343902208,0
986232040021549056,4
986604828066541569,12
987052008011124742,11
988791808615383041,6
989653387359776773,11
989801651333722112,11
989887176803528704,11
990479944374505472,11
990532165850095617,12
991330529659191296,18
991596211437277184,11
991646194958000128,12
991910028213972992,12
992124138356707328,11
993049181907509249,11
993183721460260868,1
993539066363826176,6
993941740552892416,18
994197734684024832,0
994276795192086528,12
994413874681036800,11
994707367966191621,12
996029104267976704,0
997167399240683521,11
998289099353198592,12
998618523483156480,1
999484750955012098,12
1001222093034479616,11
1001931386293510145,4
1002047432950104070,0
1002149552974106624,0
1003969706691321857,8
1004844064389378048,0
1005175674229936128,11
1005185803172106241,4
1005232959547469824,11
1006533118692593669,4
1006924896847433728,11
1008062167172644864,1
1008316359405637633,0
1008371760293609473,8
1008840549565063168,4
1009104801815236608,0
1009843913832718336,11
1010212973128843265,11
1010662308261982208,11
1011039993341661184,11
1011518845230702592,11
1011684640627810304,14
1012324488736854016,11
1012427773678366721,1
1013454919104450560,18
1013868078701137921,11
1013935197274791936,11
1013964115092443136,17
1014832940176601089,11
1015748838135681024,6
1016226437886509056,4
1019848525641932800,18
1020098966225063942,11
1020349970342383617,11
1021124789044490240,1
1021411049231331328,6
1022435485371781120,18
1022955628686401536,12
1026326118029303808,18
1026725826459521024,6
1026937415288676354,0
1027067758276751360,8
1027792538512633857,1
1028770525160660993,0
1029210461684867072,1
1029347598249943040,12
1031531188677173249,0
1032920346968707073,0
1033111267639222272,8
1034182794963025920,11
1035649020465688576,17
1036128301541191681,0
1036318437587341340,11
1037678661187641345,4
1040160799208161280,0
1040326301285052418,1
1040441302930935809,6
1040647294532702208,1
1040968883144990725,12
1041033204260593665,11
1041626746410295297,12
1041674345926389760,4
1041710183477465088,18
1041985034964672512,1
1042544987626500097,6
1042829667714166785,11
1043181897088729088,17
1043185714437992449,11
1043631398366654464,1
1044874735811735552,1
1045696705507852288,11
1048229681273741312,11
1048546242719100929,11
1049616746804629504,17
1050478262009262080,6
1051208754102964224,11
1051212328065294336,0
1051549047234777088,11
1051876850258124800,0
1051879859444682752,11
1052660106637266945,1
1052813208426172417,11
1053039006487842816,11
1053580015986765824,1
1053592986632814592,11
1055110353586192384,11
1056093629549182976,11
1057697633001709568,4
1057741438878920704,1
1057972711446716416,1
1058264231118692354,11
1058292545548140544,0
1058823972450697217,4
1059151582841970689,1
1062336497737699328,11
1062710517821857794,8
1064284412630757377,18
1065189303268065280,4
1065658304884547585,12
1065677660880338944,11
1065717383514341376,12
1066392792715399171,0
1066791061882851334,11
1067232530502483969,11
1067468128806989824,0
1067735777793200129,11
1067770380222414848,6
1068977654764879874,11
1070248436837072896,1
1071846551822184449,12
1072149465748922368,4
1072660589061791745,0
1073964891977986048,1
1074568633970540544,14
1074594327979003904,18
1074665434442596352,17
1075893643272224768,1
1078152426195173381,11
1078355119920562176,0
1078579557605785602,11
1079462649690238977,11
1079651391562547200,0
1079776144524754944,8
1080240353347813376,0
1081767272895590400,6
1082699331260608512,11
1083808148534640640,0
1084626783608102912,0
1086655314064076800,11
1087816271582937090,4
1088120132113760256,0
1088295046061805568,14
1088547322986930176,5
1088586629525180421,1
1088926637469646848,0
1089110280179761153,11
1090158040026963968,6
1090313893015179265,11
1090505235494301696,15
1090527664111345664,11
1090714432022462474,11
1090888948006744064,11
1092008549344002049,1
1093058258372194304,4
1093331497212362753,0
1094463562997731329,6
1094742534348251136,0
1096445535433752576,11
1099329582363275265,14
1101499633631670272,6
1102237601317224448,14
1106236889311395840,17
1106789874701619200,1
1107034164228960257,12
1107179341421707264,9
1107256166432821248,18
1109163883082637312,18
1109410475203313664,6
1110568745502732289,11
1110607722624573441,14
1110999955999580160,6
1112025263850901506,10
1112853145657335808,11
1113140035547791360,0
1113835958691074056,11
1114393125395619845,0
1116856792124813314,9
1117210361592205312,18
1118159767338389506,6
1118512883661459456,11
1120377028979462147,1
1120738440310607873,6
1121114158907428866,0
1122035021844496384,1
1123291947572060160,14
1126471400188010497,1
1130573358687543297,1
1131870649440526336,11
1132928106736435201,11
1133510366422392833,11
1134119371780104192,0
1134770768276066304,0
1135284150460719104,11
1137370225903640576,0
1138024085475266561,0
1138878994525413376,0
1139302566788046848,0
1141084462509371397,11
1142157279543910402,8
1143641667750301698,11
1147279258831773696,11
1149196560632360960,11
1149224532361850881,11
1149318648659697664,11
1149790135073947648,4
1150724925210157057,11
1152200890079678464,11
1154546295555710977,1
1154738022497378304,1
1154833589109972995,9
1155068297290932226,8
1156625716655599617,1
1157128312877006850,11
1157357999909818368,11
1157702019920142336,17
1160896363749675008,0
1162219997977960449,0
1162847343093440519,11
1163760331002392577,13
1163992520252153857,0
1165946822134771712,12
1166975397000613888,8
1169476002222940162,0
1169723149383979008,11
1170038752753979393,11
1170953052075044864,11
1171463733576491009,11
1171521728616386561,3
1172960240314331137,11
1175625128950095873,12
1176506435800313856,1
1180273217795170304,11
1181046985471746050,11
1181895419347050497,17
1183847830059917314,1
1186029754010492928,11
1186590420626804737,12
1186805594285576193,1
1187077926648459265,0
1188329290162675713,6
1188783195468251138,0
1191466789269471232,1
1191843903458205696,0
1194418597730213888,4
1194968523870629888,11
1195086138190573587,11
1195165942658895873,11
1195988340643811329,11
1196590283967881216,4
1197553032696934400,17
1198659505430630407,0
1198691072769249281,12
1199034655711866882,0
1199168954721349634,8
1199633460945727488,11
1199816676675670016,12
1200007669425352705,9
1201049331802890240,4
1201194426367979521,0
1201516981037551619,9
1201933728752246785,11
1202315051987800064,12
1202360836292935681,12
1202887381856194561,11
1203372312298426369,12
1209802369325776896,0
1210491700709335041,11
1210956632638676992,15
1211138037624631296,11
1211464637746532352,0
1211477762222874624,11
1212062497517137920,0
1212402841656016896,4
1212783083272855552,18
1212822458408960000,11
1213444186420039680,0
1213701347775664129,17
1214319515128889344,0
1214871674358652928,11
1215385541442768916,11
1215885555956944896,0
1215915965579497472,11
1215948376753233921,14
1215952054692302848,11
1216083515802079232,11
1216146263428751361,1
1216224241479114752,1
1216319834436308992,12
1216361622551384065,1
1216564046184505344,11
1216586453439913985,6
1216591524751790081,11
1216838812673900546,12
1216997801189691392,1
1217028738535301121,0
1218640877419188224,1
1219666645964271616,10
1219900649401249793,11
1220230342533095424,11
1220289508572389378,11
1220301118783266816,12
1220928529090666496,6
1221084831334797312,11
1221535572537286664,0
1221832590094753793,18
1222099872700141568,11
1222488702045302786,1
1222773302441148416,12
1224754397260984328,11
1224943771860770816,11
1225903431333924864,1
1226879160200704000,18
1226899205895139334,12
1228644082341249025,11
1228770929079193600,11
1230142907136593920,4
1230463139927543810,12
1232537827096846338,11
1233876069771595777,11
1234312195627941890,6
1235665538292109312,0
1236396423786135556,0
1236448339937419266,11
1238038895570321410,8
1238155401612361738,0
1238564924508516353,1
1239088173344571392,0
1241379174079590400,1
1241789012362309633,0
1241983992909443084,1
1242287686095794176,1
1242908290016739330,0
1243088479224913921,6
1243170788682936321,9
1243202212689522690,11
1243539768404738052,4
1244223261220704256,0
1244701394008977412,12
1245234538424360962,4
1245355966792470528,17
1246231730555686917,6
1246515349803106305,4
1246810016088236034,11
1247111964276527104,12
1247421493094551555,15
1248350208225878016,1
1249146360584114177,12
1249184800721772544,14
1249443053988769792,11
1251234815493496836,1
1251475704803405826,1
1251530881858224128,12
1251752192417071104,0
1252192266443272196,9
1252203214377824256,1
1252333501447315460,11
1253936998143811589,0
1255820959942086656,11
1256047963945787398,17
1256430703325196292,6
1256864700647845888,11
1257575212301737984,11
1258494225458573313,4
1259292835569979398,0
1260530095841783809,1
1261397632112570371,0
1261564837470953472,0
1261807960885321729,1
1261991879375089665,4
1262498994347036672,1
1262728136485109762,11
1263614720877133825,12
1264709649800052736,8
1265169006564016130,11
1265605528434159616,8
1266443918981255169,1
1266804354058784769,1
1268609463017144322,11
1268983666711171072,1
1270789421756026881,1
1271021929785368581,11
1271510369312419844,18
1271883607003578368,11
1271892865082368004,16
1272279252499599360,0
1273357923595554827,0
1273515518444650496,0
1273546506012897281,17
1275134957833334785,17
1276522782327791616,0
1276613019406082048,11
1278730309681496064,12
1280753632783273984,18
1280880567630823424,11
1281076316066869251,0
1281612531140878336,11
1282133040831950849,11
1282369538261233664,11
1282594960160825347,11
1282921215259144193,1
1283173964190298112,0
1283321039951482881,11
1283718362372202496,11
1284068387103166464,12
1284847451388739584,11
1284944788924637184,11
1284984457389395970,18
1285336121245827072,18
1286543637417988096,1
1287101616198504448,1
1288186261639921664,11
1288625870442311680,4
1288793297721290754,1
1288955277262430208,0
1288966651208237056,1
1289489340301811713,11
1289965335039422470,8
1290089153451843584,6
1290374330640195584,0
1291259527938093057,1
1291494496354566144,1
1292314647610167297,4
1292732052354355201,1
1293637022867951624,11
1293866930244395014,4
1295604543875670016,12
1295875527123836931,1
1296922437800677381,1
1297254073121546243,11
1298262093523648525,0
1298583867801174016,11
1298864949754826757,18
1299376663285858309,18
1299687671443238912,11
1300055757543690240,11
1300384162940059648,0
1300743930712121345,0
1301162170286329858,12
1302816913001676800,11
1302855722829570050,1
1305514668027449344,11
1305543467452440576,1
1306311303598764038,11
1307019494687154176,11
1307272409016233984,0
1308129526610907136,0
1308658925873446918,8
1309128794763132928,0
1309584286304133121,11
1309951076628672514,4
1311631176998760453,4
1312028370088144896,0
1312274675469352960,11
1312282910565826560,18
1314641961614299138,9
1315559520727437312,1
1316122268020420609,11
1316287018909958144,5
1316871821317361670,1
1316895950984589312,17
1316995857242378240,8
1317106087825473537,11
1317832037735321600,11
1317875321610379266,4
1318211428227186694,0
1318666155775741955,0
1319247125612474368,11
1320387682069934081,12
1321810944306122752,11
1321973072786792448,8
1322047771478757376,12
1323057172717121537,11
1323765584455192578,1
1323855498370813953,0
1323908457624424448,1
1324725705532448769,1
1324819292806914055,18
1325156511451021313,1
1325583189545426944,0
1326087377136267264,1
1326188971853029386,11
1327184536007028736,11
1327959581960658945,11
1328413068427051008,11
1328698844184530945,11
1328739821158854657,11
1329060146547396609,11
1329410548044328960,0
1329710757865459712,12
1330421762425843714,8
1332353687415529472,0
1332569929263030275,0
1333852979284348930,0
1333905593598439424,0
1334204987686129668,0
1336061283972640773,12
1336169873370701827,11
1336180271415226369,0
1336340638929879040,6
1337460720930344968,4
1337782172049149953,11
1337783228464320515,0
1337975805109035008,1
1338550576599195655,1
1339166129110065152,0
1339908124417863680,1
1341450477582643206,11
1341758872453853185,0
1342117786550751234,11
1342397346836066304,11
1343815994788229121,18
1345627777182138369,1
1345663888789020677,1
1345967445232787458,11
1346149931023798274,12
1346284191797788673,4
1346766381614850048,11
1346873610875654147,0
1346902228486021120,17
1347130937994215424,11
1347817576441769984,4
1350028591438974976,1
1350416479569719297,5
1350440736467124227,1
1350755437214380037,6
1351612304324870145,0
1351943381853868032,12
1352042017665265666,1
1352269044330721282,1
1353040783562125317,0
1353987610725801985,11
1354380643568922626,1
1354522859754938368,0
1355264251636678657,17
1355637989213396993,0
1355695922169131010,12
1355721251180961792,11
1355904269677899776,0
1355977181239902210,11
1356675835630075906,11
1357061112458436608,11
1357524552931299330,11
1357941918353793025,1
1358404515226136584,11
1359486817255510018,11
1360378196731047941,6
1361713037892227072,11
1362425776071577601,0
1362436556481581060,1
1362743107100565505,11
1364203317228953604,11
1364261723377700868,11
1364291608896827394,4
1364454278866366464,17
1366565625401909249,11
1367036412823035905,8
1367537716334837762,11
1369735432318181378,0
1370279648970555392,6
1370835229213126658,11
1371110373961646083,1
1371395634146725897,11
1371728288524210177,1
1372281948241006592,11
1372750355918856201,1
1374066693706821641,11
1374335489998786565,18
1375018307762409472,11
1376505811313254403,1
1376836681614123011,6
1376869125939556352,11
1377491965927899137,18
1378255143603437577,11
1379902152194285575,11
1380177745557213188,11
1380448001945186305,0
1380635931976286212,17
1381139295281483776,11
1381396787110498305,8
1382046635660820481,11
1382209054999646212,11
1384075715893612549,12
1384818140706652161,1
1384967675546382339,15
1386076323286814724,1
1389107495520641024,18
1389913567671975937,11
1389984802829438976,1
1390618040618954754,1
1390659332304379908,1
1390743022422401024,1
1390746117286019080,1
1390863382278987781,11
1391333262581186560,18
1392820108150509571,1
1392985949382995977,1
1393165262648655875,17
1393479363132379139,12
1394066133922156546,1
1394235244849598465,11
1395667127806353410,11
1396462558673055745,9
1396754048175546369,11
1399027834899816448,11
1399977170529931267,8
1400169255539146756,7
1400766722332938240,1
1400776809994674179,11
1400850845621698562,11
1400883208292610051,1
1401649992897548289,5
1401998060025266182,1
1402219113083289604,15
1402377717526544385,17
1403839037409054724,11
1404046472908247048,1
1404118656733360137,1
1404226129842540546,11
1404812545270157322,14
1405276496936280068,1
1405625086393171970,11
1405756958225813504,1
1405784354178191361,11
1406194439651987458,12
1407007740262768642,11
1407074913383555077,11
1407255184527536134,6
1407280154087407618,11
1407320651174711297,11
1407699547376193545,11
1407827385806774273,4
1407983219623010307,15
1408774528445128707,9
1408860111443988485,6
1409863075805683714,0
1409954756093693952,11
1409996087893524480,18
1411423943580389378,1
1412019498748723206,1
1412929188227584000,4
1413224223032631314,0
1414139080640770053,0
1414957959361273874,11
1415606338378403842,11
1416018828182556672,1
1416237137805025280,4
1416368658574680067,0
1416699698229006340,17
1417462557229658113,12
1418103877732388865,11
1419883110225698816,1
1420591163271118854,17
1420670138152636416,14
1420812686934302721,1
1421856984534556689,1
1421916545605722115,0
1422124275419340802,12
1422774634139684868,11
1423352452364001281,11
1424773543263412229,5
1425363841475547139,18
1425434938657103874,11
1425469818669608964,9
1425999992674824199,14
1426169532314435585,11
1426436289788841989,11
1426544888213037061,12
1426646628337913856,5
1427639046545809408,1
1428151334218387472,6
1429400366819512323,6
1429768389262725121,11
1430120912146284545,0
1430646758909136897,11
1430993414502420488,4
1431834155302719493,0
1432455008084189186,0
1434152757750026242,14
1435022557317640196,0
1435167699538223104,11
1435378342514003970,14
1435902033148715008,11
1436310747672424456,11
1437416932458762240,0
1437577781437739013,12
1438539246130827269,15
1438903465519075333,5
1439001331361013766,12
1439566318554988544,12
1439863028393119748,12
1440806264255045638,11
1441129621273993219,11
1441729982816948230,1
1441739348626468876,12
1441755172451934213,11
1442496059989643265,0
1442568545066356743,12
1442872950064037889,11
1443669752577134601,18
1443926663243440139,1
1444092138044723203,11
1445106406428921860,0
1445137918671077377,15
1445329297917501440,4
1445374618919911431,4
1445444813143216140,11
1446656419567001605,0
1446932149148344320,11
1447220996222722054,17
1447570457964781570,1
1447648711945990145,11
1447983441643933698,12
1448718795204284440,8
1450038539283013632,18
1450845340610015246,8
1451665939800416256,1
1452622731325890566,11
1452988352345612292,9
1453386596313669636,1
1453987492068212736,1
1454479575015165958,12
1454596183406510081,11
1455106669009121281,0
1455399386503077891,0
1455566016013012998,11
1455576852492324872,12
1456019856579510278,11
1457348013903462403,11
1457867047334031360,18
1457990941197828096,11
1458146763504816129,11
1458195278973046784,4
1458337727536144386,12
1458710321439199235,1
1458778569912561668,14
1458869065506865155,1
1459269542639767556,12
1459278980972892162,11
1459340247217717252,0
1459731239301169153,1
1460678185050386442,0
1461216523515621376,1
1461546511511265287,11
1462088569154154503,11
1462164421824946182,12
1463813363130150921,1
1465046595095965700,11
1465843476780695561,14
1466143810845560832,11
1468341134053330947,1
1468914874726203393,1
1469707341419401223,11
1469776398265069571,1
1470272320803844097,1
1471414739880189955,8
1471433509151592460,4
1471449927909838851,11
1471556912328151045,6
1471914680021139472,11
1472241014026952708,1
1472273718890139656,0
1472621453036109827,0
1472758506902204423,1
1473294329804324870,8
1473356476580352005,1
1473588477652516872,0
1474091860025122817,11
1474502684312932354,6
1474630031611736067,11
1476638230892232713,6
1476923165297233926,11
1477253437352030208,11
1477975732907388929,1
1478088096574967808,0
1478147158859788290,1
1478312420976304135,11
1478327624657219587,0
1478334259131727876,11
1478508458416787458,11
1478525468475338753,11
1478742521559891973,18
1478868545752776710,11
1479060386095714305,11
1479372902151639043,1
1479902849979011079,11
1480172511035891717,14
1480403487896735750,11
1480423559004672003,1
1480684448542642176,11
1481385718614093824,1
1482192462303088640,4
1482324572380839936,11
1482396686744002565,0
1482815094828453890,0
1483830741771472899,8
1484176439729537042,0
1484817563293036548,8
1485311883271933956,1
1486269461476818950,1
1486731271157870601,4
1486953838187745280,11
1487000148270067717,11
1487117686001868806,17
1487306527690362880,6
1488075796782751753,1
1488835812112441345,6
1489383149838733312,1
1489713037149888514,11
1490080950365085696,6
1490267822072729601,1
1490453120106868737,6
1490715391278161924,5
1490794465308590088,6
1491883391129690121,11
1491938321358073856,0
1492007194388279333,6
1492065752580599809,1
1492124015003111429,11
1492677599390322689,8
1492782894045179910,11
1493519165914820610,5
1493971461396213766,11
1494236991550115847,11
1494350119881388039,12
1495414769867624448,11
1496162639873208321,12
1496482431410524172,11
1496784658524258311,11
1496818693069840390,11
1496919051624398854,11
1496946931540635655,11
1497800562162737152,1
1498290464579063808,11
1498372251992748033,11
1498372401989664769,1
1498465360680529930,7
1498761925353779200,1
1499051924649295877,11
1499079859397615619,1
1499297465220190209,4
1499474168051503104,18
1500282794882314244,12
1500298026530877451,1
1500460756298608646,11
1500996708553138180,3
1501607924027863040,11
1502022951377457160,18
1502152758887022593,12
1503669118435831812,5
1503836775290224642,1
1504067647335510018,1
1504537505084977156,0
1504670147599953923,3
1505049788240257024,0
1505481949854502915,11
1505858596810149894,11
1506110026993348615,1
1507492955174670338,12
1507852646501142532,0
1509128249401659393,11
1509136805504987144,1
1509254564469428231,1
1509301196267601922,11
1509552913403756559,11
1509613366674923528,17
1509884686717366287,3
1509974674431782916,1
1510009080429088777,0
1510386651465400327,6
1510467812736868354,18
1510670877188403209,11
1511044478349594624,17
1511738306836504581,1
1511738725050449920,1
1511744013988241411,1
1512128457542713360,11
1512735323687727104,1
1512887380184862720,11
1513796459019259912,12
1513871250652909569,4
1514242653424177156,1
1514897730899902466,0
1514905483597037573,12
1515018953202053125,17
1517886785212358660,17
1517947137581105152,11
1518104151674208258,11
1518680960946130946,1
1518885707321905154,1
1519714962754523142,1
1520488035808428034,4
1520886420109512704,11
1521082166318452739,11
1521210816497954817,11
1521456975233622016,4
1521829657754144770,11
1522023044868296704,17
1522120048382742528,0
1522395825468588036,11
1522558616166973442,11
1522610195737812992,12
1522725277368999943,11
1523040177534517250,11
1523576001590083584,17
1523736596654215173,1
1523746208723972100,5
1524700831345373184,12
1524716910318919681,1
1524849513252499457,4
1525051315801542659,12
1525153468675137536,1
1525236285291503619,0
1525371260330561537,0
1525549110476128256,5
1526329814348619776,14
1526334954837143553,1
1526610471310094338,1
1526823888906231809,1
1526956724174966786,11
1527616101227667456,11
1529466719332446208,1
1530063351799091202,1
1530246921171873792,11
1530479308157984768,4
1530705108593520640,18
1531010899372384258,0
1531082260027281408,1
1531634591555002368,1
1531700136182702081,5
1531784376882761730,12
1532669036051542019,17
1533438492298166272,1
1533593562755043328,11
1533683606463430657,11
1534083976775749632,11
1534307095314681867,1
1534818450501246977,0
1534891907440050176,8
1535012336670498835,11
1535223207707521024,4
1535530856919572480,11
1535577050299437056,11
1535929216734310401,0
1536247167500922880,11
1537114095090016257,4
1537225604554031104,11
1537424833230917632,6
1538134424608460801,11
1538321027901661185,0
1538749308169859072,4
1538859363145814016,0
1539194693350834177,1
1539834209128161280,0
1539842508569600001,1
1539899668481679361,11
1540007926156468224,0
1540120671338041345,1
1540526136257552384,11
1540949578190667776,11
1541307617888284672,11
1541318977367973888,1
1541321876303224832,11
1541356074246209537,1
1541766308513062912,0
1541840019475685376,11
1542093223450902529,14
1542952381062598656,11
1544021875436691460,11
1544539187587825666,4
1545554125043240960,15
1545635600702767104,14
1545743495029264384,11
1546114239324045312,1
1546124879593934856,1
1547235127343734789,14
1548417328861237250,1
1548744459243982851,8
1549463435796447232,8
1549565007272222720,1
1550936600397447169,1
1551602714517307393,1
1551860304291692545,0
1552668883773014021,11
1552734571178983425,1
1552795969959636992,6
1553965265917923328,11
1554223232575840259,11
1554905423886548992,6
1555893800454836225,11
1555906338403880960,11
1556223142498111488,11
1556235233674121216,12
1556301427034783744,11
1556720657634889728,18
1557075393240125443,1
1557764542821765121,8
1557772247930212352,1
1558096687259738112,11
1558189812389117952,4
1558231456119390209,11
1558391889681842181,1
1558567178345005056,8
1558756902309355520,12
1558783775584182272,1
1559057553933225985,1
1559483198924623874,11
1559508190110404609,1
1560247010304860161,1
1560341138283937797,12
1560694796926259200,0
1561118056306335744,1
1561942105227935746,11
1562125109984362498,4
1562418652032684034,1
1563081643916533760,11
1563443616957497344,11
1564065895357583367,11
1564205840881664001,0
1564600735790415874,1
1565636562817261568,11
1568303753115144194,1
1568457709581922304,0
1569396042386358274,0
1569804670805352448,1
1569991642953678849,6
1570110008221745153,3
1570378242493943810,1
1570433551333560327,11
1570506489143476226,11
1570519055554969600,1
1570672013471285248,11
1570945344409665541,1
1571146722335760384,17
1571245591543308290,4
1571428477236137987,1
1571556836121391104,1
1571734612153634817,1
1571864502647259136,0
1571959255393091585,11
1571959574298607617,1
1571988293847334914,11
1572011425161420800,1
1572047101202206722,1
1572088828155887618,1
1572101650164363264,6
1572185275362590726,11
1572212877162848262,0
1572233570403360769,1
1572304057385226240,7
1572309992535109633,0
1572379149083312130,0
1572420259730038785,4
1572489095158407169,0
1572506447761575936,0
1572512750030438400,4
1572543871179018241,0
1572553626307928066,0
1572563296305426433,12
1572570659712110593,1
1572607148235886599,0
1572610305355554816,0
1572644449318215682,4
1572673424572440576,1
1572890811150245889,11
1572916044485824515,1
1572924883788505089,0
1572926558393745409,1
1572953377503322112,18
1572998602892648448,12
1573000519391518721,1
1573035366206111747,11
1573048354631729153,0
1573091225200197633,4
1573188352471625728,1
1573206335470145536,0
1573212576049242112,0
1573212677983313922,1
1573221924926373889,0
1573268877051576323,0
1573356576135696385,0
1573360580895047683,11
1573382513157980160,0
1573386955198550017,0
1573393725568557057,1
1573393863317798912,12
1573410566185664520,11
1573412653392809984,0
1573418357042331648,11
1573452109814661120,6
1573481287951601664,1
1573510705248075776,4
1573524842825060356,0
1573547052247777280,0
1573552355370483713,11
1573593156855255041,11
1573615156713689088,1
1573617862446563330,17
1573619336597626881,1
1573626394545881088,1
1573696028049555458,14
1573744985744154624,12
1573755083296309256,18
1573790642634989569,1
1573790732292440064,4
1573840959976230912,1
1573867874430623745,1
1573869416218996741,14
1573982906988503041,1
1574008357576376321,0
1574008411360043008,12
1574010888834662404,11
1574057049465520128,1
1574114490869862401,1
1574202196731756544,11
1574258119961677824,0
1574354084731228161,4
1574375381305806849,0
1574434424971837444,11
1574465105793896448,0
1574481917088612374,4
1574488552250933250,1
1574497778436300801,1
1574521584743768072,1
1574532982085505029,18
1574540980262404096,11
1574574178757386259,11
1574592070651625473,1
1574593566260678656,0
1574639833284321280,11
1574640419748679680,11
1574647769175887873,4
1574693752077275139,1
1574702065628200960,12
1574725052461117440,0
1574740383141068800,18
1574768749714051073,1
1574794216802230272,6
1574837076884951043,1
1574856289427296256,12
1575135484673769473,0
1575348089879252992,0
1575389063330537472,0
1575389838685224962,1
1575507667820462080,6
1575586442201296897,0
1575586879118147585,1
1575616273052012544,18
1575616764636864512,14
1575627432073502720,0
1575680697020268545,4
1575720008793354240,0
1575757122025197569,0
1575792225271046145,0
1575805035501735936,0
1575806040779935744,0
1575900763204861952,0
1575979893556404224,8
1575992168002502657,0
1576019107329282048,12
1576191537284894722,11
1576297375970525184,0
1576330210844237825,8
1576513580236787712,11
1576667405710917632,14
1576702235152732161,11
1576760969186926592,12
1576783468453036033,1
1576832970727497728,0
1576905393892114434,11
1576935438039793665,1
1576980152751308803,1
1577014783618039809,12
1577272304324775938,11
1577305477788188674,4
1577368887078830080,0
1577407760882626560,9
1577496868094976000,11
1577647346686590976,11
1577669291637440513,1
1577688228236328969,11
1577715113679020032,12
1577818069942108161,1
1577891704132145152,0
1577918265103376385,11
1578071628491137026,1
1578107616525488143,1
1578110314104717317,0
1578129720901861399,12
1578153202305974273,1
1578159420391165952,12
1578172231573700608,1
1578208401506680834,11
1578253157720809473,0
1578295605243383809,0
1578338346107011072,3
1578399264274882560,17
1578441560399699968,14
1578650348692070402,1
1578763441044656128,0
1578778381117800450,11
1578804598017499144,11
1578858951533264902,11
1578937857045061634,8
1579432854307627009,0
1579527039031320578,11
1579687453023211521,1
1580237113592774658,18
1580681279896522753,4
1580700104415186947,4
1580960286978236416,6
1581052251623284738,14
1581380724581879808,4
1581406223504662530,4
1581408219410341889,11
1581651513881108480,4
1581676522104131584,11
1582042967350681602,4
1582151491812528131,1
1582212652146753537,6
1582330170869948417,11
1582351055102349313,0
1582365583470780417,11
1582367376078766080,0
1582434046625423361,9
1582464406403022848,1
1582482448390115328,4
1582696550039523328,12
1582727532968923137,0
1582733191672385536,1
1582882166597246977,1
1583076982442663937,1
1583100811672014849,11
1583145612266070016,1
1583173771099541504,0
1583212500232933377,1
1583428526635880449,1
1584379317965856769,0
1584444886979330049,4
1584478266252922880,1
1584518898015260673,0
1584591115692511232,1
1584662934105497600,0
1584869744913547267,1
1585006007096381440,11
1585024494174969869,12
1585073200186417154,4
1585098887689388034,0
1585218448111828992,4
1585282599395758083,1
1585388439087849473,1
1585810610356461568,1
1585938082213367808,1
1586142546085945345,0
1586415498371137537,0
1586417570772647943,1
1586450358339096578,4
1586622458471514112,11
1586782957771132928,0
1586845491437903882,0
1586916003740585984,0
1587050009068941312,4
1587390851700981761,12
1587451015338541058,4
1587839497336754177,11
1587854999769563136,12
1587884785560592390,1
1588138345296646145,1
1588324962737262592,1
1588338369540784129,0
1588433792645177345,1
1588457977983356928,1
1588740471546847238,12
1588905411444461569,12
1589170320241565697,1
1589251101504815106,0
1589302884100882433,1
1589506487155671047,11
1589669680767242246,4
1589741880778137600,11
1589767478347026433,20
1589791380116631552,0
1589945343315251200,18
1589986640587640834,6
1590078539524628481,1
1590233116765032448,4
1591027073593778177,12
1591033040293224449,18
1591250748754518017,1
1591396206797881344,11
1591516360525348865,11
1591737821693444099,18
1591777740902080512,11
1591882058699341824,11
1591892127784607745,0
1591897237638070272,12
1591964800216612866,6
1592369249791664136,0
1592406136103129088,0
1592598319456571392,4
1592818045138997253,1
1592938318869716995,1
1592953989397708802,11
1593213562050281475,0
1593364889019498497,1
1593498020242489346,11
1594281654159380480,0
1594326389410480131,11
1594398960772423680,0
1594474722804244482,1
1594577098286530561,0
1594932772438695938,14
1594989443500630016,11
1595059660452601856,1
1595148883235160078,6
1596117986200506368,1
1596154813082763264,1
1596422113686061059,12
1596897029720096768,1
1596898408022921218,0
1596914391282319370,18
1596942321752358913,0
1597100235083464704,0
1597118108455559169,0
1597531199831932929,1
1597570287071100930,11
1598049486282047488,1
1598284922481000454,1
1598395469868040192,1
1598459384560078848,14
1598477459594379265,17
1598591841234046977,12
1598614095971995650,17
1598739088785510406,1
1599161136800301057,0
1599441572495593472,12
1599477840251998208,11
1599500065332084739,11
1599809875126751234,1
1600101526458040320,1
1600181381220507651,18
1600554559830736910,17
1600609186731139074,11
1600610109490487296,4
1600895767518085121,17
1600965775321452552,18
1600978011477549056,1
1601036098444005376,0
1601248435121930242,4
1601424957988548608,0
1601499135487754241,1
1601507567917727744,11
1601730581255147525,14
1601754370986614784,14
1601881008957276160,1
1602137585693982721,14
1602570859041783814,11
1602757312539680770,11
1602916310312173569,0
1602922377419292672,1
1603123931627520000,1
1603217127053590530,0
1603240110757412864,0
1603475895624339480,0
1603604458768072705,0
1603747790773002240,1
1603767524406984706,1
1603856705120399360,11
1603976487111389186,4
1604871555770482688,6
1605464791161741312,1
1605505702809796608,6
1606013292589219840,0
1606479710812340226,11
1607157175314681858,0
1607203899403902977,0
1607707509380288513,0
1608512145569751042,1
1610929367101628416,11
1610979512249982978,1
1611138873496637440,0
1611496006847266819,8
1611577290135142402,1
1611659195866308608,11
1612108812130963465,4
1612118604207497217,11
1612207845642047492,1
1612537175328825359,1
1612794343911297025,14
1613202339376005122,0
1613674746008174593,1
1613899373972422659,11
1613903983030026240,18
1614081022425022465,1
1614248702780080132,8
1614396569163276289,4
1614710690278670339,17
1614962275571404809,11
1615007253911973888,18
1615729880586485760,14
1616136377124388865,18
1616347429389078528,1
1616585928381763585,18
1616717831168475137,1
1616731570668290050,1
1616781489949282305,11
1616812867642347522,9
1616954341851648000,1
1617139604884230145,15
1617271743206268929,1
1617492298950135810,17
1618542067948425218,11
1618885584067432448,11
1618897435199213568,6
1619126103968456705,1
1619331066145214466,1
1619600180973805568,0
1620153418710147072,17
1620384385106051072,0
1620708256086896640,4
1620754179756068864,1
1620800608205783041,1
1621005630801690626,11
1621484248052948993,11
1621577788045275136,1
1621869015193747456,0
1621905147352813568,4
1621947853173133314,4
1622100959072493568,11
1622332712618000387,11
1622482269943304192,11
1622661998247911432,1
1622902731999703040,1
1623218354289876993,1
1623426853410164742,1
1623796829866414082,11
1624066229660000257,6
1624506379057651713,4
1624858297063952386,15
1625079279208878080,1
1625219450407354369,11
1625234228488159237,1
1626215359920619522,0
1626241462126972928,1
1626423335516098566,11
1626461202451759110,0
1626587655558557697,6
1627355701755490315,8
1627427223115276291,14
1627792220056084481,11
1628139513972199462,11
1628180746677501953,11
1628298353413918723,0
1628821501431390209,1
1628880391598637056,11
1629243528969695232,12
1629261165959294976,17
1629291455775748098,0
1630154323161128961,11
1630456951741005824,11
1630608225383985153,4
1630862134795022337,11
1631120943299846146,11
1631158964099457024,11
1631220001653784576,12
1631288716328161283,1
1631375014867132416,0
1631864722013167619,18
1631868328435232771,14
1633076018037620737,18
1633155240303140865,4
1634478748677574657,0
1634569045012799488,17
1635363286903390208,11
1635703232021372933,11
1636265788868005888,11
1636462225794670601,1
1636689500586876931,1
1636709061935734785,11
1636979523693473799,18
1637217505688051712,11
1637507099558027267,11
1637607325073645569,11
1637823851035000832,8
1637836225846321155,1
1637907966828630016,0
1637936395376287755,18
1638133577199104005,4
1638224976812670977,11
1638232589533061136,1
1638243839725957127,0
1638272105161842688,12
1638320544788406273,1
1638321207039623168,18
1638372580464685056,12
1638469421197848579,1
1638570663047725057,1
1638665833240035330,12
1638669060241076224,12
1638698756349607936,12
1638875844914425859,1
1638895382137651202,12
1638895498785443840,1
1638919662908895238,9
1638951842271862791,6
1639038177641103362,1
1639535122029445122,12
1639541767795011586,1
1639587337683501057,12
1639597797673402368,0
1639733491611959296,1
1639869332225155074,1
1639988582050832384,4
1640024353826824192,11
1640052707754143744,0
1640089515938414592,1
1640093268317724672,18
1640139042384740352,6
1640376844917563392,1
1640561695117529088,11
1640829929544720386,1
1640904775276326913,1
1640946855096852480,4
1640970275826089987,1
1640990526169120772,1
1641061644729036800,1
1641727641232510976,5
1641741208266342401,12
1641904520027336708,18
1642646312012206081,0
1642962074140827648,5
1643081243561713670,1
1643125531569958913,4
1643174831108620291,1
1643197738522234882,12
1643273277878484992,12
1643525583140270081,10
1643605068921421825,12
1643719098839302145,18
1643754455354028035,1
1643833711614410752,1
1644063650045480973,8
1644296399087972352,0
1644781158176116738,0
1644831537500770304,11
1644861138826321920,4
1645357369298153475,12
1645695880702603266,1
1645751225701347328,1
1645803780641001480,11
1646044995676168193,1
1646525038756265985,18
1646561546997202957,1
1646574369504731138,12
1646640971101208578,11
1646741342444302337,1
1646743874092638211,1
1646983793016750080,0
1647263738792116225,1
1647332709327355905,12
1647536982086524928,0
1647573150362656768,11
1647623661480984576,1
1647639066450735104,1
1647746754845065220,11
1648045714939707393,0
1648649102786281474,0
1648800637029580802,1
1649311242681556992,14
1649459985942806533,0
1649652938858536961,1
1649759281422520326,0
1649819255628611585,11
1649854083006709766,1
1650030644448075777,11
1650226445766066180,11
1650347267495174145,4
1650485888298766337,5
1650502816492838912,0
1650574771568926727,11
1650590341106479104,6
1650749468759687168,11
1650756027111882753,11
1651156435588329474,1
1651310710104760322,18
1652627783494017027,11
1652864429791510528,1
1653570238225555456,1
1654122637478760448,0
1654197109501972499,6
1654318410497392642,1
1654692959089209345,0
1654806921591783424,18
1655365344540672001,4
1655845648531443713,8
1655964835664756738,1
1655992083939721239,6
1656166799954649089,4
1656383363605843968,1
1656415868337926145,6
1656468047194890243,12
1656624502397100032,12
1657722854438232068,17
1657770495939338241,0
1657783538169643008,11
1658882421696102407,1
1659094027944484865,7
1659104268455145472,7
1660049202569773056,14
1660317928644902914,14
1660495514364780545,0
1660702389282787328,11
1661497921836023808,1
1661737253553733638,1
1661790680589426688,6
1661790834180919296,4
1661836411538907144,0
1662120765733445632,0
1662307561645789184,11
1662423766931058692,15
1662469694962515968,1
1662999168892432385,4
1664010688702849026,0
1664896690317344769,11
1665115427549200387,18
1665115771440119808,0
1665584567346921472,14
1665585729320398849,4
1666154912353222681,11
1666399385016467456,1
1667531040636690442,0
1667561812810780672,0
1668192990777561089,12
1668427027802726400,11
1668509461676273664,11
1668550825617022977,0
1668553727928664071,11
1668642969807884289,0
1668888408213667840,0
1669187804461699072,4
1669476580458987520,11
1669721903039127556,8
1669756906141888534,11
1670581461655728128,11
1670611469761925120,1
1670637007067049985,1
1670915963359752192,11
1670929475691851778,0
1671145426299535362,0
1671155011815100420,4
1671176830496194561,11
1671427907355287553,11
1671611891506970624,0
1672165748469555200,4
1672714891084406790,1
1672918930900369411,4
1673159541327015936,1
1673355710321815552,0
1673403147534868499,0
1673679568220090368,11
1673680238268563462,4
1674038181002375169,1
1674598518026108928,0
1674881991592878081,18
1675230942581932032,17
1675947598933360640,11
1675957763568988160,11
1675979674827075585,1
1676213344062021632,21
1677068554905026561,11
1677442620778225664,12
1677617658915610625,0
1677698645272010752,11
1678078591786000384,0
1678403219980967942,1
1678669020617375745,11
1678670558416760832,17
1679484670302646275,12
1679604927470108678,4
1679790290998112256,1
1679871070524829697,17
1680026173797982209,17
1680518972037292037,1
1680520222669963266,1
1680984618755842048,0
1681327842624151553,11
1681421952546684928,11
1681455609118326784,1
1681500568844369920,11
1682228795196190720,1
1682332356420485121,11
1682692464623210497,4
1682882603848806400,1
1682990617926795264,8
1682990924547211265,4
1683000928092188672,0
1683187130770632704,0
1683470103487168512,11
1683850657927684096,0
1683983896713601024,1
1684187402523250688,4
1684625172287098880,6
1684825191011008513,0
1684881343581155328,11
1685278239500156928,12
1685292634707755008,1
1685321169816145920,0
1685461198764990465,0
1685660425017319425,11
1685721864079917056,4
1685964600594911232,0
1686026636095832064,8
1686095799640276992,11
1686311954946867200,0
1686354204971966465,1
1686861426114101248,0
1687123572777439232,11
1687497542483812353,15
1687662524915757056,4
1687682266162405376,1
1688135722081894400,1
1688169909337964544,18
1688429377552592896,0
1690323538501066752,4
1690345573516275712,1
1690529247528734720,4
1690861584510259200,1
1691223269234348032,11
1691230489086980096,9
1691650643579318273,4
1692475127991001088,11
1692553895635992577,0
1693334263523872768,11
1693756337849540608,4
1694365510475915265,0
1694691026454142976,11
1694793442033864704,11
1694887719317422080,1
1695460906640039937,15
1695868081589940224,11
1695913196366819328,1
1696062547533684736,1
1696158153774071808,18
1696235206435295233,0
1696389869688549376,11
1696548626124726272,11
1697196053064261632,1
1697657668813324288,12
1698107533431394304,12
1698428130766241792,11
1698605021384839168,0
1698688416404168704,1
1699476251734429697,1
1699712971927162880,0
1699802214120730624,8
1699823715515498497,12
1699951948307345408,11
1700769788765589504,1
1701156534082850816,11
1701247178184818689,15
1701250039367012352,4
1701942233694445568,0
1702059165617659904,18
1702767076887109632,4
1703152818960404480,0
1703161059471749120,11
1703176747816992768,6
1703279165154217984,1
1703310582709940224,0
1703327538171281408,6
1703739594775343104,11
1703761188264321024,4
1704033782540455936,4
1704262638283468800,12
1704397331431362560,11
1704920945662869504,11
1704949913971314689,12
1705116523029807104,11
1705254830162223104,11
1705422608768835584,1
1705499530379120640,1
1705957057168343040,15
1706352987441074176,1
1706719411711696896,1
1706909483690000385,1
1706992274532401152,1
1707050903063392256,1
1707217411080925184,18
1707641725294985216,1
1707808844720590848,18
1707855532881809408,1
1708525912378028033,0
1708871023737593856,1
1709208943505846274,18
1709230436428152832,1
1709251038975344640,1
1709314240345960448,12
1709581627834220544,18
1709670290274344962,1
1709992653591285760,12
1710383664402485248,18
1710772330878603264,0
1710803437548367872,1
1710969221201399808,18
1711235486751047680,18
1711408356395741184,11
1711788366407020544,11
1711800796575059968,11
1711955181791739904,18
1712056927327289346,11
1712144859187060736,11
1712185579226513408,14
1712243355201978368,3
1712407211840851968,0
1712535792852283393,11
1712724643616854016,0
1713053359899656192,6
1713530208114896896,1
1713673881171496960,11
1713720919406137344,11
1714409247642136576,12
1715204034578030592,14
1715833939015692288,0
1717188350430347264,12
1717595119333818368,1
1717709678782644224,1
1718146874551455744,9
1718250682338168832,1
1718327808974364672,0
1718768416553623552,12
1719392781070635008,12
1720166586370179072,18
1720375967204470784,0
1720399000518410240,12
1720526912148197377,1
1721033259646074880,1
1721287461140099072,0
1721474933925216256,12
1721521108959051776,0
1721580885923741697,1
1722460952527028224,11
1722753969418625024,0
1724342779361329152,1
1724496577111138304,18
1724825204663443456,0
1725266918255341568,12
1725439312072736768,18
1726309293455233024,11
1726522282107908097,8
1726928550983299072,11
1727054489587249152,0
1727070892839030785,1
1727075143686475776,1
1727735258244911106,18
1728230319781031936,1
1728307431527055360,4
1728654283254513664,1
1729673064131051520,1
1731567517796069376,0
1732362013555204096,0
1732666086733078528,18
1732745049421615105,6
1732774852354826240,0
1734336665613668352,1
1735240497881354240,5
1735585756364591104,18
1736098032259584000,11
1736457101155651584,1
1736869691283357696,1
1737715002826522624,11
1739043168513912833,0
1739317408639115264,1
1740481664168472576,4
1740775697373675520,12
1741442948116480000,11
1741705343279730688,18
1742204989529858048,0
1742701726308724736,1
1742837319114100737,11
1743356436518711296,12
1743513189600391168,1
1744326840699781120,0
1744419333344821248,1
1745128237485699073,4
1745675927558696960,1
1745791816144703488,1
1746454776668135424,6
1746558343093657600,1
1747199742843510784,1
1747210778338263040,18
1747303454060490753,1
1748730669671370752,1
1750110426296156160,1
1750155332536471552,0
1750219478703468544,18
1752602984142274560,1
1753140471008813056,4
1755566268814618624,11
1757072289344962561,12
1757094380492484608,1
1757495988833386497,11
1757683670561783808,18
1759200975900860416,18
1759270130045931520,0
1760064390089359360,18
1760182151491035136,1
1760382583311896576,18
1760429294545670145,18
1761842237204320256,18
1763535092276686848,1
1763980581581266944,0
1766032331758784512,18
1766139320379830272,18
1766249770698276865,1
1767405320022700033,1
1768073787088510976,0
1769383089640214528,0
1769667263194365952,1
1771277006438612993,18
1773642111474139136,1
1773982376827187200,1
1776590026714832896,1
1777078405457993728,0
1777304841116631042,11
1778753470046040065,11
1781710798299017216,18
1783563759685931008,0
1783880031774584832,18
1785694630547488768,18
1786001687561342976,0
1788239792162893824,1
1792423369855676416,18
1792504435324616704,11
1792650848998195201,1
1793245017584074752,18
1794379179808440321,18
1794681516758278144,0
1797254909970030592,11
1797885633190629376,1
1804690072555683840,18
1804878696072802304,18
1805612783976730624,1
1807132209809092609,18
1810765787847872513,1
1814387846440202241,11
1816920850525765632,18
1817628312069439489,1
1820881850409349121,1
1821214017979039744,1
1823272616720826368,1
1823332595394113536,18
