Id,ViralCentrality
518692321,33.43840779994014
1589767478347026433,30.78745516498375
719596352,28.659458019541763
50599149,26.30586604076701
1568303753115144194,25.12009116972704
1271892865082368004,24.00304717940437
1676213344062021632,21.09473947899189
1771277006438612993,17.523190961391876
23231946,17.276203704916178
908580919132459008,13.581380626783417
893757772025798656,12.661083188074919
1465843476780695561,12.36846356683525
1618897435199213568,12.054947384504604
874330245037527040,9.383537090437578
1712243355201978368,6.55250788703459
1473294329804324870,4.465908118654584
1112025263850901506,1.9459101490553132
1163760331002392577,1.9459101490553132
1530479308157984768,0.0
1530705108593520640,0.0
1530246921171873792,0.0
1531010899372384258,0.0
1531082260027281408,0.0
1531634591555002368,0.0
1531700136182702081,0.0
1532669036051542019,0.0
1533438492298166272,0.0
1533593562755043328,0.0
1533683606463430657,0.0
1534083976775749632,0.0
1534307095314681867,0.0
1534891907440050176,0.0
1531784376882761730,0.0
1522120048382742528,0.0
1522395825468588036,0.0
1522558616166973442,0.0
1522610195737812992,0.0
1522725277368999943,0.0
1523040177534517250,0.0
1523576001590083584,0.0
1523736596654215173,0.0
1523746208723972100,0.0
1524700831345373184,0.0
1524716910318919681,0.0
1524849513252499457,0.0
1534818450501246977,0.0
1525153468675137536,0.0
1525236285291503619,0.0
1525371260330561537,0.0
1525549110476128256,0.0
1526329814348619776,0.0
1526334954837143553,0.0
1526610471310094338,0.0
1526823888906231809,0.0
1526956724174966786,0.0
1527616101227667456,0.0
1529466719332446208,0.0
1530063351799091202,0.0
1525051315801542659,0.0
1541321876303224832,0.0
1541356074246209537,0.0
1541766308513062912,0.0
1541840019475685376,0.0
1542093223450902529,0.0
1542952381062598656,0.0
1544021875436691460,0.0
1544539187587825666,0.0
1545554125043240960,0.0
1545635600702767104,0.0
1535929216734310401,0.0
1546114239324045312,0.0
1546124879593934856,0.0
1547235127343734789,0.0
1548417328861237250,0.0
1548744459243982851,0.0
1549463435796447232,0.0
1549565007272222720,0.0
1550936600397447169,0.0
1551602714517307393,0.0
1551860304291692545,0.0
1545743495029264384,0.0
1535012336670498835,0.0
1535223207707521024,0.0
1535530856919572480,0.0
1535577050299437056,0.0
1522023044868296704,0.0
1536247167500922880,0.0
1537114095090016257,0.0
1537225604554031104,0.0
1537424833230917632,0.0
1538134424608460801,0.0
1541318977367973888,0.0
1538749308169859072,0.0
1538859363145814016,0.0
1539194693350834177,0.0
1539834209128161280,0.0
1539842508569600001,0.0
1539899668481679361,0.0
1540007926156468224,0.0
1540120671338041345,0.0
1540526136257552384,0.0
1540949578190667776,0.0
1541307617888284672,0.0
1538321027901661185,0.0
1495414769867624448,0.0
1496162639873208321,0.0
1496482431410524172,0.0
1496784658524258311,0.0
1496818693069840390,0.0
1496919051624398854,0.0
1496946931540635655,0.0
1497800562162737152,0.0
1498290464579063808,0.0
1498372251992748033,0.0
1498372401989664769,0.0
1521210816497954817,0.0
1498761925353779200,0.0
1499051924649295877,0.0
1499079859397615619,0.0
1499297465220190209,0.0
1499474168051503104,0.0
1500282794882314244,0.0
1500298026530877451,0.0
1500460756298608646,0.0
1500996708553138180,0.0
1501607924027863040,0.0
1502022951377457160,0.0
1498465360680529930,0.0
1486953838187745280,0.0
1487000148270067717,0.0
1487117686001868806,0.0
1487306527690362880,0.0
1488075796782751753,0.0
1488835812112441345,0.0
1489383149838733312,0.0
1489713037149888514,0.0
1490080950365085696,0.0
1490267822072729601,0.0
1490453120106868737,0.0
1494350119881388039,0.0
1490794465308590088,0.0
1491883391129690121,0.0
1491938321358073856,0.0
1492007194388279333,0.0
1492065752580599809,0.0
1492124015003111429,0.0
1492677599390322689,0.0
1492782894045179910,0.0
1493519165914820610,0.0
1493971461396213766,0.0
1494236991550115847,0.0
1490715391278161924,0.0
1511738725050449920,0.0
1511744013988241411,0.0
1512128457542713360,0.0
1512735323687727104,0.0
1512887380184862720,0.0
1513796459019259912,0.0
1513871250652909569,0.0
1514242653424177156,0.0
1514897730899902466,0.0
1514905483597037573,0.0
1515018953202053125,0.0
1502152758887022593,0.0
1517947137581105152,0.0
1518104151674208258,0.0
1518680960946130946,0.0
1518885707321905154,0.0
1519714962754523142,0.0
1520488035808428034,0.0
1520886420109512704,0.0
1521082166318452739,0.0
1552668883773014021,0.0
1521456975233622016,0.0
1521829657754144770,0.0
1517886785212358660,0.0
1503669118435831812,0.0
1503836775290224642,0.0
1504067647335510018,0.0
1504537505084977156,0.0
1504670147599953923,0.0
1505049788240257024,0.0
1505481949854502915,0.0
1505858596810149894,0.0
1506110026993348615,0.0
1507492955174670338,0.0
1507852646501142532,0.0
1511738306836504581,0.0
1509136805504987144,0.0
1509254564469428231,0.0
1509301196267601922,0.0
1509552913403756559,0.0
1509613366674923528,0.0
1509884686717366287,0.0
1509974674431782916,0.0
1510009080429088777,0.0
1510386651465400327,0.0
1510467812736868354,0.0
1510670877188403209,0.0
1511044478349594624,0.0
1509128249401659393,0.0
1573867874430623745,0.0
1573869416218996741,0.0
1573982906988503041,0.0
1574008357576376321,0.0
1574008411360043008,0.0
1574010888834662404,0.0
1574057049465520128,0.0
1574114490869862401,0.0
1574202196731756544,0.0
1574258119961677824,0.0
1574354084731228161,0.0
1554223232575840259,0.0
1574434424971837444,0.0
1574465105793896448,0.0
1574481917088612374,0.0
1574488552250933250,0.0
1574497778436300801,0.0
1574521584743768072,0.0
1574532982085505029,0.0
1574540980262404096,0.0
1574574178757386259,0.0
1574592070651625473,0.0
1574593566260678656,0.0
1574375381305806849,0.0
1573382513157980160,0.0
1573386955198550017,0.0
1573393725568557057,0.0
1573393863317798912,0.0
1573410566185664520,0.0
1573412653392809984,0.0
1573418357042331648,0.0
1573452109814661120,0.0
1573481287951601664,0.0
1573510705248075776,0.0
1573524842825060356,0.0
1573840959976230912,0.0
1573552355370483713,0.0
1573593156855255041,0.0
1573615156713689088,0.0
1573617862446563330,0.0
1573619336597626881,0.0
1573626394545881088,0.0
1573696028049555458,0.0
1573744985744154624,0.0
1573755083296309256,0.0
1573790642634989569,0.0
1573790732292440064,0.0
1573547052247777280,0.0
1575805035501735936,0.0
1575806040779935744,0.0
1575900763204861952,0.0
1575979893556404224,0.0
1575992168002502657,0.0
1576019107329282048,0.0
1576191537284894722,0.0
1576297375970525184,0.0
1576330210844237825,0.0
1576513580236787712,0.0
1576667405710917632,0.0
1574639833284321280,0.0
1576760969186926592,0.0
1576783468453036033,0.0
1576832970727497728,0.0
1576905393892114434,0.0
1576935438039793665,0.0
1576980152751308803,0.0
1577014783618039809,0.0
1577272304324775938,0.0
1577305477788188674,0.0
1577368887078830080,0.0
1577407760882626560,0.0
1576702235152732161,0.0
1574640419748679680,0.0
1574647769175887873,0.0
1574693752077275139,0.0
1574702065628200960,0.0
1574725052461117440,0.0
1574740383141068800,0.0
1574768749714051073,0.0
1574794216802230272,0.0
1574837076884951043,0.0
1574856289427296256,0.0
1575135484673769473,0.0
1575792225271046145,0.0
1575389063330537472,0.0
1575389838685224962,0.0
1575507667820462080,0.0
1575586442201296897,0.0
1575586879118147585,0.0
1575616273052012544,0.0
1575616764636864512,0.0
1575627432073502720,0.0
1575680697020268545,0.0
1575720008793354240,0.0
1575757122025197569,0.0
1575348089879252992,0.0
1560247010304860161,0.0
1560341138283937797,0.0
1560694796926259200,0.0
1561118056306335744,0.0
1561942105227935746,0.0
1562125109984362498,0.0
1562418652032684034,0.0
1563081643916533760,0.0
1563443616957497344,0.0
1564065895357583367,0.0
1564205840881664001,0.0
1573360580895047683,0.0
1565636562817261568,0.0
1568457709581922304,0.0
1569396042386358274,0.0
1569804670805352448,0.0
1569991642953678849,0.0
1570110008221745153,0.0
1570378242493943810,0.0
1570433551333560327,0.0
1570506489143476226,0.0
1570519055554969600,0.0
1570672013471285248,0.0
1564600735790415874,0.0
1552734571178983425,0.0
1552795969959636992,0.0
1553965265917923328,0.0
1486731271157870601,0.0
1554905423886548992,0.0
1555893800454836225,0.0
1555906338403880960,0.0
1556223142498111488,0.0
1556235233674121216,0.0
1556301427034783744,0.0
1556720657634889728,0.0
1559508190110404609,0.0
1557764542821765121,0.0
1557772247930212352,0.0
1558096687259738112,0.0
1558189812389117952,0.0
1558231456119390209,0.0
1558391889681842181,0.0
1558567178345005056,0.0
1558756902309355520,0.0
1558783775584182272,0.0
1559057553933225985,0.0
1559483198924623874,0.0
1557075393240125443,0.0
1572563296305426433,0.0
1572570659712110593,0.0
1572607148235886599,0.0
1572610305355554816,0.0
1572644449318215682,0.0
1572673424572440576,0.0
1572890811150245889,0.0
1572916044485824515,0.0
1572924883788505089,0.0
1572926558393745409,0.0
1572953377503322112,0.0
1570945344409665541,0.0
1573000519391518721,0.0
1573035366206111747,0.0
1573048354631729153,0.0
1573091225200197633,0.0
1573188352471625728,0.0
1573206335470145536,0.0
1573212576049242112,0.0
1573212677983313922,0.0
1573221924926373889,0.0
1573268877051576323,0.0
1573356576135696385,0.0
1572998602892648448,0.0
1571146722335760384,0.0
1571245591543308290,0.0
1571428477236137987,0.0
1571556836121391104,0.0
1571734612153634817,0.0
1571864502647259136,0.0
1571959255393091585,0.0
1571959574298607617,0.0
1571988293847334914,0.0
1572011425161420800,0.0
1572047101202206722,0.0
1572553626307928066,0.0
1572101650164363264,0.0
1572185275362590726,0.0
1572212877162848262,0.0
1572233570403360769,0.0
1572304057385226240,0.0
1572309992535109633,0.0
1572379149083312130,0.0
1572420259730038785,0.0
1572489095158407169,0.0
1572506447761575936,0.0
1572512750030438400,0.0
1572543871179018241,0.0
1572088828155887618,0.0
1355695922169131010,0.0
1355721251180961792,0.0
1355904269677899776,0.0
1355977181239902210,0.0
1356675835630075906,0.0
1357061112458436608,0.0
1357524552931299330,0.0
1357941918353793025,0.0
1358404515226136584,0.0
1359486817255510018,0.0
1483830741771472899,0.0
1361713037892227072,0.0
1362425776071577601,0.0
1362436556481581060,0.0
1362743107100565505,0.0
1364203317228953604,0.0
1364261723377700868,0.0
1364291608896827394,0.0
1364454278866366464,0.0
1366565625401909249,0.0
1367036412823035905,0.0
1367537716334837762,0.0
1360378196731047941,0.0
1345627777182138369,0.0
1345663888789020677,0.0
1345967445232787458,0.0
1346149931023798274,0.0
1346284191797788673,0.0
1346766381614850048,0.0
1346873610875654147,0.0
1346902228486021120,0.0
1347130937994215424,0.0
1347817576441769984,0.0
1350028591438974976,0.0
1355637989213396993,0.0
1350440736467124227,0.0
1350755437214380037,0.0
1351612304324870145,0.0
1351943381853868032,0.0
1352042017665265666,0.0
1352269044330721282,0.0
1353040783562125317,0.0
1353987610725801985,0.0
1354380643568922626,0.0
1354522859754938368,0.0
1355264251636678657,0.0
1350416479569719297,0.0
1384818140706652161,0.0
1384967675546382339,0.0
1386076323286814724,0.0
1389107495520641024,0.0
1389913567671975937,0.0
1389984802829438976,0.0
1390618040618954754,0.0
1390659332304379908,0.0
1390743022422401024,0.0
1390746117286019080,0.0
1390863382278987781,0.0
1369735432318181378,0.0
1392820108150509571,0.0
1392985949382995977,0.0
1393165262648655875,0.0
1393479363132379139,0.0
1394066133922156546,0.0
1394235244849598465,0.0
1395667127806353410,0.0
1396462558673055745,0.0
1396754048175546369,0.0
1399027834899816448,0.0
1399977170529931267,0.0
1391333262581186560,0.0
1370279648970555392,0.0
1370835229213126658,0.0
1371110373961646083,0.0
1371395634146725897,0.0
1371728288524210177,0.0
1372281948241006592,0.0
1372750355918856201,0.0
1374066693706821641,0.0
1374335489998786565,0.0
1375018307762409472,0.0
1376505811313254403,0.0
1384075715893612549,0.0
1376869125939556352,0.0
1377491965927899137,0.0
1378255143603437577,0.0
1379902152194285575,0.0
1380177745557213188,0.0
1380448001945186305,0.0
1380635931976286212,0.0
1381139295281483776,0.0
1381396787110498305,0.0
1382046635660820481,0.0
1382209054999646212,0.0
1376836681614123011,0.0
1302855722829570050,0.0
1305514668027449344,0.0
1305543467452440576,0.0
1306311303598764038,0.0
1307019494687154176,0.0
1307272409016233984,0.0
1308129526610907136,0.0
1308658925873446918,0.0
1309128794763132928,0.0
1309584286304133121,0.0
1309951076628672514,0.0
1343815994788229121,0.0
1312028370088144896,0.0
1312274675469352960,0.0
1312282910565826560,0.0
1314641961614299138,0.0
1315559520727437312,0.0
1316122268020420609,0.0
1316287018909958144,0.0
1316871821317361670,0.0
1316895950984589312,0.0
1316995857242378240,0.0
1317106087825473537,0.0
1311631176998760453,0.0
1289489340301811713,0.0
1289965335039422470,0.0
1290089153451843584,0.0
1290374330640195584,0.0
1291259527938093057,0.0
1291494496354566144,0.0
1292314647610167297,0.0
1292732052354355201,0.0
1293637022867951624,0.0
1293866930244395014,0.0
1295604543875670016,0.0
1302816913001676800,0.0
1296922437800677381,0.0
1297254073121546243,0.0
1298262093523648525,0.0
1298583867801174016,0.0
1298864949754826757,0.0
1299376663285858309,0.0
1299687671443238912,0.0
1300055757543690240,0.0
1300384162940059648,0.0
1300743930712121345,0.0
1301162170286329858,0.0
1295875527123836931,0.0
1329410548044328960,0.0
1329710757865459712,0.0
1330421762425843714,0.0
1332353687415529472,0.0
1332569929263030275,0.0
1333852979284348930,0.0
1333905593598439424,0.0
1334204987686129668,0.0
1336061283972640773,0.0
1336169873370701827,0.0
1336180271415226369,0.0
1317832037735321600,0.0
1337460720930344968,0.0
1337782172049149953,0.0
1337783228464320515,0.0
1337975805109035008,0.0
1338550576599195655,0.0
1339166129110065152,0.0
1339908124417863680,0.0
1341450477582643206,0.0
1341758872453853185,0.0
1342117786550751234,0.0
1342397346836066304,0.0
1336340638929879040,0.0
1317875321610379266,0.0
1318211428227186694,0.0
1318666155775741955,0.0
1319247125612474368,0.0
1320387682069934081,0.0
1321810944306122752,0.0
1321973072786792448,0.0
1322047771478757376,0.0
1323057172717121537,0.0
1323765584455192578,0.0
1323855498370813953,0.0
1329060146547396609,0.0
1324725705532448769,0.0
1324819292806914055,0.0
1325156511451021313,0.0
1325583189545426944,0.0
1326087377136267264,0.0
1326188971853029386,0.0
1327184536007028736,0.0
1327959581960658945,0.0
1328413068427051008,0.0
1328698844184530945,0.0
1328739821158854657,0.0
1323908457624424448,0.0
1456019856579510278,0.0
1457348013903462403,0.0
1457867047334031360,0.0
1457990941197828096,0.0
1458146763504816129,0.0
1458195278973046784,0.0
1458337727536144386,0.0
1458710321439199235,0.0
1458778569912561668,0.0
1458869065506865155,0.0
1459269542639767556,0.0
1400169255539146756,0.0
1459340247217717252,0.0
1459731239301169153,0.0
1460678185050386442,0.0
1461216523515621376,0.0
1461546511511265287,0.0
1462088569154154503,0.0
1462164421824946182,0.0
1463813363130150921,0.0
1465046595095965700,0.0
1466143810845560832,0.0
1468341134053330947,0.0
1459278980972892162,0.0
1445137918671077377,0.0
1445329297917501440,0.0
1445374618919911431,0.0
1445444813143216140,0.0
1446656419567001605,0.0
1446932149148344320,0.0
1447220996222722054,0.0
1447570457964781570,0.0
1447648711945990145,0.0
1447983441643933698,0.0
1448718795204284440,0.0
1455576852492324872,0.0
1450845340610015246,0.0
1451665939800416256,0.0
1452622731325890566,0.0
1452988352345612292,0.0
1453386596313669636,0.0
1453987492068212736,0.0
1454479575015165958,0.0
1454596183406510081,0.0
1455106669009121281,0.0
1455399386503077891,0.0
1455566016013012998,0.0
1450038539283013632,0.0
1478327624657219587,0.0
1478334259131727876,0.0
1478508458416787458,0.0
1478525468475338753,0.0
1478742521559891973,0.0
1478868545752776710,0.0
1479060386095714305,0.0
1479372902151639043,0.0
1479902849979011079,0.0
1480172511035891717,0.0
1480403487896735750,0.0
1468914874726203393,0.0
1480684448542642176,0.0
1481385718614093824,0.0
1482192462303088640,0.0
1482324572380839936,0.0
1482396686744002565,0.0
1482815094828453890,0.0
1577496868094976000,0.0
1484176439729537042,0.0
1484817563293036548,0.0
1485311883271933956,0.0
1486269461476818950,0.0
1480423559004672003,0.0
1469707341419401223,0.0
1469776398265069571,0.0
1470272320803844097,0.0
1471414739880189955,0.0
1471433509151592460,0.0
1471449927909838851,0.0
1471556912328151045,0.0
1471914680021139472,0.0
1472241014026952708,0.0
1472273718890139656,0.0
1472621453036109827,0.0
1478312420976304135,0.0
1473356476580352005,0.0
1473588477652516872,0.0
1474091860025122817,0.0
1474502684312932354,0.0
1474630031611736067,0.0
1476638230892232713,0.0
1476923165297233926,0.0
1477253437352030208,0.0
1477975732907388929,0.0
1478088096574967808,0.0
1478147158859788290,0.0
1472758506902204423,0.0
1407827385806774273,0.0
1407983219623010307,0.0
1408774528445128707,0.0
1408860111443988485,0.0
1409863075805683714,0.0
1409954756093693952,0.0
1409996087893524480,0.0
1411423943580389378,0.0
1412019498748723206,0.0
1412929188227584000,0.0
1413224223032631314,0.0
1445106406428921860,0.0
1414957959361273874,0.0
1415606338378403842,0.0
1416018828182556672,0.0
1416237137805025280,0.0
1416368658574680067,0.0
1416699698229006340,0.0
1417462557229658113,0.0
1418103877732388865,0.0
1419883110225698816,0.0
1420591163271118854,0.0
1420670138152636416,0.0
1414139080640770053,0.0
1400766722332938240,0.0
1400776809994674179,0.0
1400850845621698562,0.0
1400883208292610051,0.0
1401649992897548289,0.0
1401998060025266182,0.0
1402219113083289604,0.0
1402377717526544385,0.0
1403839037409054724,0.0
1404046472908247048,0.0
1404118656733360137,0.0
1407699547376193545,0.0
1404812545270157322,0.0
1405276496936280068,0.0
1405625086393171970,0.0
1405756958225813504,0.0
1405784354178191361,0.0
1406194439651987458,0.0
1407007740262768642,0.0
1407074913383555077,0.0
1407255184527536134,0.0
1407280154087407618,0.0
1407320651174711297,0.0
1404226129842540546,0.0
1435022557317640196,0.0
1435167699538223104,0.0
1435378342514003970,0.0
1435902033148715008,0.0
1436310747672424456,0.0
1437416932458762240,0.0
1437577781437739013,0.0
1438539246130827269,0.0
1438903465519075333,0.0
1439001331361013766,0.0
1439566318554988544,0.0
1420812686934302721,0.0
1440806264255045638,0.0
1441129621273993219,0.0
1441729982816948230,0.0
1441739348626468876,0.0
1441755172451934213,0.0
1442496059989643265,0.0
1442568545066356743,0.0
1442872950064037889,0.0
1443669752577134601,0.0
1443926663243440139,0.0
1444092138044723203,0.0
1439863028393119748,0.0
1421856984534556689,0.0
1421916545605722115,0.0
1422124275419340802,0.0
1422774634139684868,0.0
1423352452364001281,0.0
1424773543263412229,0.0
1425363841475547139,0.0
1425434938657103874,0.0
1425469818669608964,0.0
1425999992674824199,0.0
1426169532314435585,0.0
1434152757750026242,0.0
1426544888213037061,0.0
1426646628337913856,0.0
1427639046545809408,0.0
1428151334218387472,0.0
1429400366819512323,0.0
1429768389262725121,0.0
1430120912146284545,0.0
1430646758909136897,0.0
1430993414502420488,0.0
1431834155302719493,0.0
1432455008084189186,0.0
1426436289788841989,0.0
1681327842624151553,0.0
1681421952546684928,0.0
1681455609118326784,0.0
1681500568844369920,0.0
1682228795196190720,0.0
1682332356420485121,0.0
1682692464623210497,0.0
1682882603848806400,0.0
1682990617926795264,0.0
1682990924547211265,0.0
1683000928092188672,0.0
1577715113679020032,0.0
1683470103487168512,0.0
1683850657927684096,0.0
1683983896713601024,0.0
1684187402523250688,0.0
1684625172287098880,0.0
1684825191011008513,0.0
1684881343581155328,0.0
1685278239500156928,0.0
1685292634707755008,0.0
1685321169816145920,0.0
1685461198764990465,0.0
1683187130770632704,0.0
1673680238268563462,0.0
1674038181002375169,0.0
1674598518026108928,0.0
1674881991592878081,0.0
1675230942581932032,0.0
1675947598933360640,0.0
1675957763568988160,0.0
1675979674827075585,0.0
1677068554905026561,0.0
1677442620778225664,0.0
1677617658915610625,0.0
1680984618755842048,0.0
1678078591786000384,0.0
1678403219980967942,0.0
1678669020617375745,0.0
1678670558416760832,0.0
1679484670302646275,0.0
1679604927470108678,0.0
1679790290998112256,0.0
1679871070524829697,0.0
1680026173797982209,0.0
1680518972037292037,0.0
1680520222669963266,0.0
1677698645272010752,0.0
1693756337849540608,0.0
1694365510475915265,0.0
1694691026454142976,0.0
1694793442033864704,0.0
1694887719317422080,0.0
1695460906640039937,0.0
1695868081589940224,0.0
1695913196366819328,0.0
1696062547533684736,0.0
1696158153774071808,0.0
1696235206435295233,0.0
1685660425017319425,0.0
1696548626124726272,0.0
1697196053064261632,0.0
1697657668813324288,0.0
1698107533431394304,0.0
1698428130766241792,0.0
1698605021384839168,0.0
1698688416404168704,0.0
1699476251734429697,0.0
1699712971927162880,0.0
1699802214120730624,0.0
1699823715515498497,0.0
1696389869688549376,0.0
1685721864079917056,0.0
1685964600594911232,0.0
1686026636095832064,0.0
1686095799640276992,0.0
1686311954946867200,0.0
1686354204971966465,0.0
1686861426114101248,0.0
1687123572777439232,0.0
1687497542483812353,0.0
1687662524915757056,0.0
1687682266162405376,0.0
1693334263523872768,0.0
1688169909337964544,0.0
1688429377552592896,0.0
1690323538501066752,0.0
1690345573516275712,0.0
1690529247528734720,0.0
1690861584510259200,0.0
1691223269234348032,0.0
1691230489086980096,0.0
1691650643579318273,0.0
1692475127991001088,0.0
1692553895635992577,0.0
1688135722081894400,0.0
1654122637478760448,0.0
1654197109501972499,0.0
1654318410497392642,0.0
1654692959089209345,0.0
1654806921591783424,0.0
1655365344540672001,0.0
1655845648531443713,0.0
1655964835664756738,0.0
1655992083939721239,0.0
1656166799954649089,0.0
1656383363605843968,0.0
1673679568220090368,0.0
1656468047194890243,0.0
1656624502397100032,0.0
1657722854438232068,0.0
1657770495939338241,0.0
1657783538169643008,0.0
1658882421696102407,0.0
1659094027944484865,0.0
1659104268455145472,0.0
1660049202569773056,0.0
1660317928644902914,0.0
1660495514364780545,0.0
1656415868337926145,0.0
1647746754845065220,0.0
1648045714939707393,0.0
1648649102786281474,0.0
1648800637029580802,0.0
1649311242681556992,0.0
1649459985942806533,0.0
1649652938858536961,0.0
1649759281422520326,0.0
1649819255628611585,0.0
1649854083006709766,0.0
1650030644448075777,0.0
1653570238225555456,0.0
1650347267495174145,0.0
1650485888298766337,0.0
1650502816492838912,0.0
1650574771568926727,0.0
1650590341106479104,0.0
1650749468759687168,0.0
1650756027111882753,0.0
1651156435588329474,0.0
1651310710104760322,0.0
1652627783494017027,0.0
1652864429791510528,0.0
1650226445766066180,0.0
1668553727928664071,0.0
1668642969807884289,0.0
1668888408213667840,0.0
1669187804461699072,0.0
1669476580458987520,0.0
1669721903039127556,0.0
1669756906141888534,0.0
1670581461655728128,0.0
1670611469761925120,0.0
1670637007067049985,0.0
1670915963359752192,0.0
1660702389282787328,0.0
1671145426299535362,0.0
1671155011815100420,0.0
1671176830496194561,0.0
1671427907355287553,0.0
1671611891506970624,0.0
1672165748469555200,0.0
1672714891084406790,0.0
1672918930900369411,0.0
1673159541327015936,0.0
1673355710321815552,0.0
1673403147534868499,0.0
1670929475691851778,0.0
1661497921836023808,0.0
1661737253553733638,0.0
1661790680589426688,0.0
1661790834180919296,0.0
1661836411538907144,0.0
1662120765733445632,0.0
1662307561645789184,0.0
1662423766931058692,0.0
1662469694962515968,0.0
1662999168892432385,0.0
1664010688702849026,0.0
1668550825617022977,0.0
1665115427549200387,0.0
1665115771440119808,0.0
1665584567346921472,0.0
1665585729320398849,0.0
1666154912353222681,0.0
1666399385016467456,0.0
1667531040636690442,0.0
1667561812810780672,0.0
1668192990777561089,0.0
1668427027802726400,0.0
1668509461676273664,0.0
1664896690317344769,0.0
1742837319114100737,0.0
1743356436518711296,0.0
1743513189600391168,0.0
1744326840699781120,0.0
1744419333344821248,0.0
1745128237485699073,0.0
1745675927558696960,0.0
1745791816144703488,0.0
1746454776668135424,0.0
1746558343093657600,0.0
1747199742843510784,0.0
1699951948307345408,0.0
1747303454060490753,0.0
1748730669671370752,0.0
1750110426296156160,0.0
1750155332536471552,0.0
1750219478703468544,0.0
1752602984142274560,0.0
1753140471008813056,0.0
1755566268814618624,0.0
1757072289344962561,0.0
1757094380492484608,0.0
1757495988833386497,0.0
1747210778338263040,0.0
1728230319781031936,0.0
1728307431527055360,0.0
1728654283254513664,0.0
1729673064131051520,0.0
1731567517796069376,0.0
1732362013555204096,0.0
1732666086733078528,0.0
1732745049421615105,0.0
1732774852354826240,0.0
1734336665613668352,0.0
1735240497881354240,0.0
1742701726308724736,0.0
1736098032259584000,0.0
1736457101155651584,0.0
1736869691283357696,0.0
1737715002826522624,0.0
1739043168513912833,0.0
1739317408639115264,0.0
1740481664168472576,0.0
1740775697373675520,0.0
1741442948116480000,0.0
1741705343279730688,0.0
1742204989529858048,0.0
1735585756364591104,0.0
1810765787847872513,0.0
1814387846440202241,0.0
1816920850525765632,0.0
1817628312069439489,0.0
1820881850409349121,0.0
1821214017979039744,0.0
1823272616720826368,0.0
2172631,0.0
1367531,0.0
6890412,0.0
7587032,0.0
1757683670561783808,0.0
11744152,0.0
11790882,0.0
12193402,0.0
13218102,0.0
13382052,0.0
14077382,0.0
14092789,0.0
14216661,0.0
14569869,0.0
14600723,0.0
14713427,0.0
8161232,0.0
1759200975900860416,0.0
1759270130045931520,0.0
1760064390089359360,0.0
1760182151491035136,0.0
1760382583311896576,0.0
1760429294545670145,0.0
1761842237204320256,0.0
1763535092276686848,0.0
1763980581581266944,0.0
1766032331758784512,0.0
1766139320379830272,0.0
1807132209809092609,0.0
1767405320022700033,0.0
1768073787088510976,0.0
1769383089640214528,0.0
1769667263194365952,0.0
788524,0.0
1794681516758278144,0.0
1797254909970030592,0.0
1797885633190629376,0.0
1804690072555683840,0.0
1804878696072802304,0.0
1805612783976730624,0.0
1766249770698276865,0.0
1705957057168343040,0.0
1706352987441074176,0.0
1706719411711696896,0.0
1706909483690000385,0.0
1706992274532401152,0.0
1707050903063392256,0.0
1707217411080925184,0.0
1707641725294985216,0.0
1707808844720590848,0.0
1707855532881809408,0.0
1708525912378028033,0.0
1727735258244911106,0.0
1709208943505846274,0.0
1709230436428152832,0.0
1709251038975344640,0.0
1709314240345960448,0.0
1709581627834220544,0.0
1709670290274344962,0.0
1709992653591285760,0.0
1710383664402485248,0.0
1710772330878603264,0.0
1710803437548367872,0.0
1710969221201399808,0.0
1708871023737593856,0.0
1700769788765589504,0.0
1701156534082850816,0.0
1701247178184818689,0.0
1701250039367012352,0.0
1701942233694445568,0.0
1702059165617659904,0.0
1702767076887109632,0.0
1703152818960404480,0.0
1703161059471749120,0.0
1703176747816992768,0.0
1703279165154217984,0.0
1705499530379120640,0.0
1703327538171281408,0.0
1703739594775343104,0.0
1703761188264321024,0.0
1704033782540455936,0.0
1704262638283468800,0.0
1704397331431362560,0.0
1704920945662869504,0.0
1704949913971314689,0.0
1705116523029807104,0.0
1705254830162223104,0.0
1705422608768835584,0.0
1703310582709940224,0.0
1719392781070635008,0.0
1720166586370179072,0.0
1720375967204470784,0.0
1720399000518410240,0.0
1720526912148197377,0.0
1721033259646074880,0.0
1721287461140099072,0.0
1721474933925216256,0.0
1721521108959051776,0.0
1721580885923741697,0.0
1722460952527028224,0.0
1711235486751047680,0.0
1724342779361329152,0.0
1724496577111138304,0.0
1724825204663443456,0.0
1725266918255341568,0.0
1725439312072736768,0.0
1726309293455233024,0.0
1726522282107908097,0.0
1726928550983299072,0.0
1727054489587249152,0.0
1727070892839030785,0.0
1727075143686475776,0.0
1722753969418625024,0.0
1711408356395741184,0.0
1711788366407020544,0.0
1711800796575059968,0.0
1711955181791739904,0.0
1712056927327289346,0.0
1712144859187060736,0.0
1712185579226513408,0.0
1712407211840851968,0.0
1712535792852283393,0.0
1712724643616854016,0.0
1713053359899656192,0.0
1718768416553623552,0.0
1713673881171496960,0.0
1713720919406137344,0.0
1714409247642136576,0.0
1715204034578030592,0.0
1715833939015692288,0.0
1717188350430347264,0.0
1717595119333818368,0.0
1717709678782644224,0.0
1718146874551455744,0.0
1718250682338168832,0.0
1718327808974364672,0.0
1713530208114896896,0.0
1592598319456571392,0.0
1592818045138997253,0.0
1592938318869716995,0.0
1592953989397708802,0.0
1593213562050281475,0.0
1593364889019498497,0.0
1593498020242489346,0.0
1594281654159380480,0.0
1594326389410480131,0.0
1594398960772423680,0.0
1594474722804244482,0.0
1647639066450735104,0.0
1594932772438695938,0.0
1594989443500630016,0.0
1595059660452601856,0.0
1595148883235160078,0.0
1596117986200506368,0.0
1596154813082763264,0.0
1596422113686061059,0.0
1596897029720096768,0.0
1596898408022921218,0.0
1596914391282319370,0.0
1596942321752358913,0.0
1594577098286530561,0.0
1589170320241565697,0.0
1589251101504815106,0.0
1589302884100882433,0.0
1589506487155671047,0.0
1589669680767242246,0.0
1589741880778137600,0.0
1589791380116631552,0.0
1589945343315251200,0.0
1589986640587640834,0.0
1590078539524628481,0.0
1590233116765032448,0.0
1592406136103129088,0.0
1591033040293224449,0.0
1591250748754518017,0.0
1591396206797881344,0.0
1591516360525348865,0.0
1591737821693444099,0.0
1591777740902080512,0.0
1591882058699341824,0.0
1591892127784607745,0.0
1591897237638070272,0.0
1591964800216612866,0.0
1592369249791664136,0.0
1591027073593778177,0.0
1601036098444005376,0.0
1601248435121930242,0.0
1601424957988548608,0.0
1601499135487754241,0.0
1601507567917727744,0.0
1601730581255147525,0.0
1601754370986614784,0.0
1601881008957276160,0.0
1602137585693982721,0.0
1602570859041783814,0.0
1602757312539680770,0.0
1597100235083464704,0.0
1602922377419292672,0.0
1603123931627520000,0.0
1603217127053590530,0.0
1603240110757412864,0.0
1603475895624339480,0.0
1603604458768072705,0.0
1603747790773002240,0.0
1603767524406984706,0.0
1603856705120399360,0.0
1603976487111389186,0.0
1604871555770482688,0.0
1602916310312173569,0.0
1597118108455559169,0.0
1597531199831932929,0.0
1597570287071100930,0.0
1598049486282047488,0.0
1598284922481000454,0.0
1598395469868040192,0.0
1598459384560078848,0.0
1598477459594379265,0.0
1598591841234046977,0.0
1598614095971995650,0.0
1598739088785510406,0.0
1600978011477549056,0.0
1599441572495593472,0.0
1599477840251998208,0.0
1599500065332084739,0.0
1599809875126751234,0.0
1600101526458040320,0.0
1600181381220507651,0.0
1600554559830736910,0.0
1600609186731139074,0.0
1600610109490487296,0.0
1600895767518085121,0.0
1600965775321452552,0.0
1599161136800301057,0.0
1578858951533264902,0.0
1578937857045061634,0.0
1579432854307627009,0.0
1579527039031320578,0.0
1579687453023211521,0.0
1580237113592774658,0.0
1580681279896522753,0.0
1580700104415186947,0.0
1580960286978236416,0.0
1581052251623284738,0.0
1581380724581879808,0.0
1588905411444461569,0.0
1581408219410341889,0.0
1581651513881108480,0.0
1581676522104131584,0.0
1582042967350681602,0.0
1582151491812528131,0.0
1582212652146753537,0.0
1582330170869948417,0.0
1582351055102349313,0.0
1582365583470780417,0.0
1582367376078766080,0.0
1582434046625423361,0.0
1581406223504662530,0.0
1577647346686590976,0.0
1577669291637440513,0.0
1577688228236328969,0.0
1288966651208237056,0.0
1577818069942108161,0.0
1577891704132145152,0.0
1577918265103376385,0.0
1578071628491137026,0.0
1578107616525488143,0.0
1578110314104717317,0.0
1578129720901861399,0.0
1578804598017499144,0.0
1578159420391165952,0.0
1578172231573700608,0.0
1578208401506680834,0.0
1578253157720809473,0.0
1578295605243383809,0.0
1578338346107011072,0.0
1578399264274882560,0.0
1578441560399699968,0.0
1578650348692070402,0.0
1578763441044656128,0.0
1578778381117800450,0.0
1578153202305974273,0.0
1585388439087849473,0.0
1585810610356461568,0.0
1585938082213367808,0.0
1586142546085945345,0.0
1586415498371137537,0.0
1586417570772647943,0.0
1586450358339096578,0.0
1586622458471514112,0.0
1586782957771132928,0.0
1586845491437903882,0.0
1586916003740585984,0.0
1582464406403022848,0.0
1587390851700981761,0.0
1587451015338541058,0.0
1587839497336754177,0.0
1587854999769563136,0.0
1587884785560592390,0.0
1588138345296646145,0.0
1588324962737262592,0.0
1588338369540784129,0.0
1588433792645177345,0.0
1588457977983356928,0.0
1588740471546847238,0.0
1587050009068941312,0.0
1582482448390115328,0.0
1582696550039523328,0.0
1582727532968923137,0.0
1582733191672385536,0.0
1582882166597246977,0.0
1583076982442663937,0.0
1583100811672014849,0.0
1583145612266070016,0.0
1583173771099541504,0.0
1583212500232933377,0.0
1583428526635880449,0.0
1585282599395758083,0.0
1584444886979330049,0.0
1584478266252922880,0.0
1584518898015260673,0.0
1584591115692511232,0.0
1584662934105497600,0.0
1584869744913547267,0.0
1585006007096381440,0.0
1585024494174969869,0.0
1585073200186417154,0.0
1585098887689388034,0.0
1585218448111828992,0.0
1584379317965856769,0.0
1638320544788406273,0.0
1638321207039623168,0.0
1638372580464685056,0.0
1638469421197848579,0.0
1638570663047725057,0.0
1638665833240035330,0.0
1638669060241076224,0.0
1638698756349607936,0.0
1638875844914425859,0.0
1638895382137651202,0.0
1638895498785443840,0.0
1605464791161741312,0.0
1638951842271862791,0.0
1639038177641103362,0.0
1639535122029445122,0.0
1639541767795011586,0.0
1639587337683501057,0.0
1639597797673402368,0.0
1639733491611959296,0.0
1639869332225155074,0.0
1639988582050832384,0.0
1640024353826824192,0.0
1640052707754143744,0.0
1638919662908895238,0.0
1631868328435232771,0.0
1633076018037620737,0.0
1633155240303140865,0.0
1634478748677574657,0.0
1634569045012799488,0.0
1635363286903390208,0.0
1635703232021372933,0.0
1636265788868005888,0.0
1636462225794670601,0.0
1636689500586876931,0.0
1636709061935734785,0.0
1638272105161842688,0.0
1637217505688051712,0.0
1637507099558027267,0.0
1637607325073645569,0.0
1637823851035000832,0.0
1637836225846321155,0.0
1637907966828630016,0.0
1637936395376287755,0.0
1638133577199104005,0.0
1638224976812670977,0.0
1638232589533061136,0.0
1638243839725957127,0.0
1636979523693473799,0.0
1643833711614410752,0.0
1644063650045480973,0.0
1644296399087972352,0.0
1644781158176116738,0.0
1644831537500770304,0.0
1644861138826321920,0.0
1645357369298153475,0.0
1645695880702603266,0.0
1645751225701347328,0.0
1645803780641001480,0.0
1646044995676168193,0.0
1640089515938414592,0.0
1646561546997202957,0.0
1646574369504731138,0.0
1646640971101208578,0.0
1646741342444302337,0.0
1646743874092638211,0.0
1646983793016750080,0.0
1647263738792116225,0.0
1647332709327355905,0.0
1647536982086524928,0.0
1647573150362656768,0.0
1647623661480984576,0.0
1646525038756265985,0.0
1640093268317724672,0.0
1640139042384740352,0.0
1640376844917563392,0.0
1640561695117529088,0.0
1640829929544720386,0.0
1640904775276326913,0.0
1640946855096852480,0.0
1640970275826089987,0.0
1640990526169120772,0.0
1641061644729036800,0.0
1641727641232510976,0.0
1643754455354028035,0.0
1641904520027336708,0.0
1642646312012206081,0.0
1642962074140827648,0.0
1643081243561713670,0.0
1643125531569958913,0.0
1643174831108620291,0.0
1643197738522234882,0.0
1643273277878484992,0.0
1643525583140270081,0.0
1643605068921421825,0.0
1643719098839302145,0.0
1641741208266342401,0.0
1614396569163276289,0.0
1614710690278670339,0.0
1614962275571404809,0.0
1615007253911973888,0.0
1615729880586485760,0.0
1616136377124388865,0.0
1616347429389078528,0.0
1616585928381763585,0.0
1616717831168475137,0.0
1616731570668290050,0.0
1616781489949282305,0.0
1631864722013167619,0.0
1616954341851648000,0.0
1617139604884230145,0.0
1617271743206268929,0.0
1617492298950135810,0.0
1618542067948425218,0.0
1618885584067432448,0.0
1619126103968456705,0.0
1619331066145214466,0.0
1619600180973805568,0.0
1620153418710147072,0.0
1620384385106051072,0.0
1616812867642347522,0.0
1605505702809796608,0.0
1606013292589219840,0.0
1606479710812340226,0.0
1607157175314681858,0.0
1607203899403902977,0.0
1607707509380288513,0.0
1608512145569751042,0.0
1610929367101628416,0.0
1610979512249982978,0.0
1611138873496637440,0.0
1611496006847266819,0.0
1614248702780080132,0.0
1611659195866308608,0.0
1612108812130963465,0.0
1612118604207497217,0.0
1612207845642047492,0.0
1612537175328825359,0.0
1612794343911297025,0.0
1613202339376005122,0.0
1613674746008174593,0.0
1613899373972422659,0.0
1613903983030026240,0.0
1614081022425022465,0.0
1611577290135142402,0.0
1626423335516098566,0.0
1626461202451759110,0.0
1626587655558557697,0.0
1627355701755490315,0.0
1627427223115276291,0.0
1627792220056084481,0.0
1628139513972199462,0.0
1628180746677501953,0.0
1628298353413918723,0.0
1628821501431390209,0.0
1628880391598637056,0.0
1620708256086896640,0.0
1629261165959294976,0.0
1629291455775748098,0.0
1630154323161128961,0.0
1630456951741005824,0.0
1630608225383985153,0.0
1630862134795022337,0.0
1631120943299846146,0.0
1631158964099457024,0.0
1631220001653784576,0.0
1631288716328161283,0.0
1631375014867132416,0.0
1629243528969695232,0.0
1620754179756068864,0.0
1620800608205783041,0.0
1621005630801690626,0.0
1621484248052948993,0.0
1621577788045275136,0.0
1621869015193747456,0.0
1621905147352813568,0.0
1621947853173133314,0.0
1622100959072493568,0.0
1622332712618000387,0.0
1622482269943304192,0.0
1626241462126972928,0.0
1622902731999703040,0.0
1623218354289876993,0.0
1623426853410164742,0.0
1623796829866414082,0.0
1624066229660000257,0.0
1624506379057651713,0.0
1624858297063952386,0.0
1625079279208878080,0.0
1625219450407354369,0.0
1625234228488159237,0.0
1626215359920619522,0.0
1622661998247911432,0.0
1376687676,0.0
1378970222,0.0
1379391392,0.0
1398139273,0.0
1408312021,0.0
1408558266,0.0
1416128503,0.0
1416725066,0.0
1421082818,0.0
1431016177,0.0
1435634995,0.0
1287101616198504448,0.0
1448799366,0.0
1460339257,0.0
1472488261,0.0
1492783710,0.0
1494577392,0.0
1515956552,0.0
1526986332,0.0
1528104978,0.0
1583865109,0.0
1584066241,0.0
1591904150,0.0
1437967645,0.0
1195954465,0.0
1196864822,0.0
1201045933,0.0
1201904378,0.0
1239655549,0.0
1240457875,0.0
1240672056,0.0
1242363361,0.0
1252857842,0.0
1271852322,0.0
1273698355,0.0
1373720898,0.0
1311480547,0.0
1316150730,0.0
1322420269,0.0
1323572124,0.0
1323728246,0.0
1326027540,0.0
1347894524,0.0
1351371042,0.0
1353957578,0.0
1354113871,0.0
1371454321,0.0
1283461568,0.0
1905636216,0.0
1908627954,0.0
1912428248,0.0
1934767400,0.0
1938485509,0.0
1953522745,0.0
1955124895,0.0
1959507445,0.0
1967216306,0.0
1976143068,0.0
1978200242,0.0
1596053533,0.0
2160721947,0.0
2161051908,0.0
2166352618,0.0
2167976370,0.0
2172599869,0.0
2176448622,0.0
2177326935,0.0
2182332444,0.0
2193495339,0.0
2194905277,0.0
2198382318,0.0
2149491403,0.0
1596294391,0.0
1600278877,0.0
1606257278,0.0
1616952684,0.0
1620765565,0.0
1626059502,0.0
1643346506,0.0
1646685096,0.0
1648719602,0.0
1657780411,0.0
1660909368,0.0
1896699619,0.0
1680631610,0.0
1686270312,0.0
1686668364,0.0
1706335075,0.0
1724463450,0.0
1849507512,0.0
1850229792,0.0
1857556140,0.0
1865344082,0.0
1882871270,0.0
1895316878,0.0
1664731507,0.0
593100097,0.0
596050685,0.0
596413983,0.0
601176054,0.0
608065225,0.0
614783844,0.0
617263683,0.0
617873909,0.0
619323823,0.0
619400667,0.0
620393146,0.0
1189752218,0.0
622945594,0.0
628139384,0.0
630578888,0.0
634339745,0.0
703414475,0.0
708026257,0.0
723878358,0.0
736855813,0.0
738333428,0.0
740833886,0.0
753128432,0.0
621407062,0.0
535336909,0.0
537709549,0.0
540087698,0.0
540140962,0.0
540458181,0.0
541125768,0.0
542347917,0.0
543032047,0.0
545293473,0.0
555234735,0.0
557396412,0.0
592730371,0.0
567528749,0.0
569352569,0.0
570018183,0.0
570737752,0.0
580956087,0.0
583634818,0.0
584376633,0.0
586053229,0.0
586291040,0.0
587281555,0.0
592122714,0.0
559891962,0.0
979050684,0.0
981134408,0.0
993630523,0.0
1009357110,0.0
1012443708,0.0
1027813969,0.0
1032558697,0.0
1034477790,0.0
1063489842,0.0
1070230291,0.0
1074480192,0.0
755142367,0.0
1080647556,0.0
1084271022,0.0
1089998124,0.0
1103448882,0.0
1113100093,0.0
1125255000,0.0
1131917492,0.0
1145806178,0.0
1170087800,0.0
1173898058,0.0
1189524954,0.0
1078042598,0.0
759913021,0.0
774362214,0.0
774576972,0.0
780787484,0.0
817403221,0.0
828914851,0.0
832035949,0.0
833673914,0.0
835992487,0.0
842330377,0.0
851763438,0.0
972611156,0.0
860332880,0.0
875364810,0.0
909512912,0.0
913063519,0.0
918412532,0.0
928581456,0.0
933149324,0.0
961897332,0.0
964998500,0.0
968650362,0.0
970229532,0.0
856691635,0.0
2950042619,0.0
2951277580,0.0
2951606220,0.0
2955611162,0.0
2960042892,0.0
2971069279,0.0
2991576965,0.0
2992455768,0.0
2997699345,0.0
3001858353,0.0
3006348240,0.0
2199020853,0.0
3053731489,0.0
3062906803,0.0
3070942499,0.0
3071626218,0.0
3083953337,0.0
3118720037,0.0
3123016344,0.0
3134651737,0.0
3135844871,0.0
3136288799,0.0
3143104256,0.0
3012536404,0.0
2835451658,0.0
2850594323,0.0
2856787757,0.0
2865656340,0.0
2871004738,0.0
2871405720,0.0
2876917115,0.0
2880366888,0.0
2880839427,0.0
2884044251,0.0
2887580215,0.0
2946300174,0.0
2901846037,0.0
2906216146,0.0
2910544868,0.0
2916680884,0.0
2921501520,0.0
2930114046,0.0
2930578640,0.0
2934403896,0.0
2937142730,0.0
2942360981,0.0
2942614180,0.0
2894661244,0.0
3347300099,0.0
3352622686,0.0
3355536909,0.0
3369967613,0.0
3376384187,0.0
3391156168,0.0
3391179035,0.0
3397477355,0.0
3414505683,0.0
3421599215,0.0
3424728015,0.0
3145728307,0.0
3590077277,0.0
3609078502,0.0
3616678939,0.0
3823943241,0.0
3845454017,0.0
3851000734,0.0
4005388937,0.0
4075582205,0.0
4105891150,0.0
4129090039,0.0
4148884994,0.0
3429427779,0.0
3145802856,0.0
3154244632,0.0
3161558040,0.0
3164609911,0.0
3164924710,0.0
3167076164,0.0
3189754680,0.0
3230939541,0.0
3236635215,0.0
3237741079,0.0
3252582144,0.0
3341492770,0.0
3269273666,0.0
3278531995,0.0
3279246488,0.0
3296026530,0.0
3297474789,0.0
3297594548,0.0
3297632319,0.0
3298497218,0.0
3301947536,0.0
3302486951,0.0
3309035576,0.0
3255215282,0.0
2331584635,0.0
2348492714,0.0
2351909388,0.0
2356041844,0.0
2364164407,0.0
2373174403,0.0
2377612094,0.0
2378039176,0.0
2378839566,0.0
2383455180,0.0
2386350236,0.0
2831908699,0.0
2412738884,0.0
2414979296,0.0
2417586104,0.0
2418896652,0.0
2418945582,0.0
2423038272,0.0
2423392771,0.0
2424418705,0.0
2427113856,0.0
2435148192,0.0
2435620488,0.0
2387672676,0.0
2203267723,0.0
2209340905,0.0
2214100350,0.0
2219480202,0.0
2224624381,0.0
2230288177,0.0
2233404235,0.0
2236589471,0.0
2241707204,0.0
2244243253,0.0
2254982313,0.0
2330215110,0.0
2265794169,0.0
2269814823,0.0
2271666241,0.0
2280161403,0.0
2293023016,0.0
2300535848,0.0
2313967902,0.0
2314094473,0.0
2320519958,0.0
2322846787,0.0
2324997597,0.0
2260688268,0.0
2650464768,0.0
2651688830,0.0
2693264754,0.0
2704421318,0.0
2714031800,0.0
2714357858,0.0
2731248600,0.0
2744064398,0.0
2744823798,0.0
2759350759,0.0
2762279140,0.0
2438498226,0.0
2766340924,0.0
2778437004,0.0
2782254822,0.0
2792649947,0.0
2800216425,0.0
2801472864,0.0
2804605933,0.0
2820866529,0.0
2829571723,0.0
2831333656,0.0
2831569527,0.0
2764169126,0.0
2442235959,0.0
2442464718,0.0
2447969488,0.0
2448586596,0.0
2459966323,0.0
2460678915,0.0
2463622908,0.0
2468209243,0.0
2473622660,0.0
2481618301,0.0
2497923974,0.0
2643010852,0.0
2555010592,0.0
2572588962,0.0
2572902906,0.0
2581408111,0.0
2584412810,0.0
2588429818,0.0
2592412147,0.0
2598011401,0.0
2601628980,0.0
2613396403,0.0
2615173525,0.0
2529834984,0.0
46287159,0.0
46482865,0.0
46628064,0.0
46919036,0.0
47126544,0.0
47133511,0.0
47214407,0.0
47399105,0.0
47421258,0.0
47448563,0.0
47481067,0.0
532379335,0.0
47635420,0.0
47696206,0.0
47705769,0.0
47722134,0.0
47731642,0.0
47737851,0.0
47749263,0.0
47776285,0.0
47828347,0.0
47891723,0.0
47927277,0.0
47536841,0.0
35051819,0.0
35067843,0.0
35678871,0.0
36992738,0.0
37196329,0.0
37241514,0.0
37413528,0.0
37535548,0.0
37729540,0.0
38154763,0.0
38220732,0.0
45243719,0.0
38506813,0.0
40501660,0.0
40535534,0.0
41084386,0.0
41370439,0.0
41778159,0.0
43051330,0.0
43510607,0.0
44196397,0.0
45167431,0.0
45227065,0.0
38385927,0.0
50635701,0.0
50998739,0.0
51244775,0.0
51434437,0.0
51483738,0.0
51484630,0.0
52425236,0.0
52444859,0.0
52660746,0.0
52787936,0.0
53341507,0.0
48010302,0.0
54301390,0.0
54631666,0.0
54700101,0.0
56356173,0.0
56782682,0.0
57291646,0.0
57730041,0.0
58271532,0.0
60066557,0.0
61047667,0.0
62855930,0.0
53830530,0.0
48113576,0.0
48177630,0.0
48187231,0.0
48209591,0.0
48252327,0.0
48257148,0.0
48534361,0.0
48643614,0.0
48765219,0.0
48865797,0.0
49050185,0.0
50516018,0.0
49258147,0.0
49315363,0.0
49384084,0.0
49426717,0.0
49506513,0.0
49554665,0.0
49557520,0.0
49592004,0.0
50299231,0.0
50415433,0.0
50487904,0.0
49127938,0.0
790728,0.0
15212187,0.0
15669672,0.0
15745368,0.0
15912890,0.0
15930061,0.0
16102208,0.0
16192197,0.0
16274802,0.0
16314859,0.0
16465385,0.0
34686274,0.0
16671007,0.0
16705767,0.0
16912915,0.0
17005368,0.0
17061263,0.0
17062358,0.0
17068970,0.0
17469289,0.0
17783532,0.0
17814635,0.0
17877490,0.0
16523905,0.0
5941722,0.0
1773642111474139136,0.0
15143478,0.0
1794379179808440321,0.0
1793245017584074752,0.0
6135642,0.0
1823332595394113536,0.0
12,0.0
764537,0.0
4782551,0.0
1773982376827187200,0.0
1792650848998195201,0.0
1777078405457993728,0.0
1777304841116631042,0.0
1778753470046040065,0.0
1781710798299017216,0.0
1783563759685931008,0.0
1783880031774584832,0.0
1785694630547488768,0.0
1786001687561342976,0.0
1788239792162893824,0.0
1792423369855676416,0.0
1792504435324616704,0.0
1776590026714832896,0.0
22495731,0.0
22703645,0.0
23446898,0.0
25033880,0.0
25073877,0.0
25227444,0.0
25508510,0.0
25667195,0.0
27955781,0.0
28066831,0.0
28096877,0.0
18055418,0.0
28428829,0.0
28492660,0.0
29016548,0.0
30216513,0.0
31064165,0.0
33608041,0.0
34209496,0.0
34332516,0.0
34361668,0.0
34367582,0.0
34476263,0.0
28299819,0.0
18086120,0.0
18213483,0.0
18216618,0.0
18300931,0.0
18336608,0.0
18409325,0.0
18576537,0.0
18760840,0.0
18809354,0.0
19002586,0.0
19017675,0.0
22434517,0.0
19341389,0.0
19489239,0.0
19636350,0.0
19863176,0.0
19899606,0.0
19919875,0.0
20668842,0.0
20711586,0.0
21439144,0.0
21614316,0.0
21866939,0.0
19338927,0.0
313890182,0.0
317177251,0.0
318492642,0.0
318653354,0.0
320191210,0.0
323444570,0.0
324919871,0.0
325629203,0.0
328106613,0.0
329600358,0.0
331339782,0.0
63273943,0.0
334161563,0.0
334581700,0.0
336662190,0.0
337808606,0.0
338949202,0.0
342181234,0.0
348732757,0.0
351120282,0.0
353536835,0.0
367154974,0.0
371317839,0.0
334036057,0.0
255073754,0.0
255123190,0.0
255386398,0.0
256221937,0.0
259772575,0.0
263357100,0.0
272729455,0.0
279032698,0.0
279454590,0.0
282324916,0.0
282659328,0.0
311724429,0.0
292852230,0.0
292929271,0.0
296021844,0.0
296625287,0.0
299180876,0.0
299416026,0.0
306132454,0.0
307063886,0.0
307297819,0.0
307548068,0.0
308991012,0.0
283386225,0.0
455264233,0.0
456965969,0.0
458008892,0.0
461478172,0.0
462103635,0.0
470213087,0.0
470388164,0.0
472774081,0.0
472897022,0.0
475317365,0.0
476618879,0.0
372113766,0.0
477934944,0.0
478899745,0.0
480737104,0.0
488772327,0.0
494247906,0.0
501942686,0.0
504656524,0.0
518873688,0.0
519732224,0.0
520879927,0.0
523746267,0.0
476691303,0.0
374712154,0.0
375050232,0.0
376412378,0.0
381071318,0.0
384481891,0.0
391245309,0.0
391684654,0.0
395303368,0.0
396148839,0.0
398752046,0.0
406527960,0.0
452493137,0.0
407476218,0.0
410326865,0.0
410718052,0.0
419520517,0.0
419714770,0.0
423924903,0.0
431867570,0.0
437780037,0.0
442737538,0.0
448400938,0.0
449588356,0.0
406666451,0.0
96951983,0.0
97054224,0.0
97320648,0.0
97323571,0.0
97523590,0.0
97650151,0.0
97914276,0.0
100798716,0.0
103065157,0.0
104228543,0.0
104256824,0.0
255040592,0.0
110482636,0.0
112684779,0.0
113480647,0.0
114060003,0.0
116502194,0.0
116579971,0.0
118756393,0.0
131538331,0.0
135962891,0.0
136607541,0.0
138632648,0.0
106492441,0.0
65473297,0.0
66475556,0.0
66967746,0.0
73387846,0.0
73937639,0.0
74453123,0.0
75055396,0.0
75343905,0.0
75861029,0.0
76172541,0.0
76288120,0.0
95521017,0.0
82576359,0.0
83148068,0.0
83435676,0.0
83733620,0.0
87474763,0.0
87818409,0.0
88389777,0.0
91242401,0.0
91416107,0.0
93249858,0.0
95092020,0.0
78523300,0.0
199325291,0.0
200610477,0.0
201712307,0.0
204930520,0.0
206427431,0.0
208488600,0.0
214908555,0.0
216299334,0.0
218813393,0.0
219819371,0.0
222187991,0.0
139879462,0.0
228855988,0.0
229966028,0.0
231069949,0.0
231653036,0.0
233250618,0.0
237695510,0.0
241204643,0.0
249916079,0.0
251633354,0.0
253420850,0.0
254086746,0.0
226928166,0.0
140051163,0.0
141084952,0.0
142230509,0.0
142772512,0.0
143373762,0.0
150750678,0.0
157376427,0.0
157644107,0.0
160940788,0.0
162703340,0.0
167307876,0.0
198324192,0.0
169179541,0.0
169871593,0.0
171200086,0.0
173247574,0.0
181198159,0.0
186037135,0.0
187214305,0.0
187615843,0.0
191167764,0.0
195853497,0.0
196952741,0.0
168176682,0.0
1090505235494301696,0.0
1090527664111345664,0.0
1090714432022462474,0.0
1090888948006744064,0.0
1092008549344002049,0.0
1093058258372194304,0.0
1093331497212362753,0.0
1094463562997731329,0.0
1094742534348251136,0.0
1096445535433752576,0.0
1099329582363275265,0.0
4159973201,0.0
1102237601317224448,0.0
1106236889311395840,0.0
1106789874701619200,0.0
1107034164228960257,0.0
1107179341421707264,0.0
1107256166432821248,0.0
1109163883082637312,0.0
1109410475203313664,0.0
1110568745502732289,0.0
1110607722624573441,0.0
1110999955999580160,0.0
1101499633631670272,0.0
1074594327979003904,0.0
1074665434442596352,0.0
1075893643272224768,0.0
1078152426195173381,0.0
1078355119920562176,0.0
1078579557605785602,0.0
1079462649690238977,0.0
1079651391562547200,0.0
1079776144524754944,0.0
1080240353347813376,0.0
1081767272895590400,0.0
1090313893015179265,0.0
1083808148534640640,0.0
1084626783608102912,0.0
1086655314064076800,0.0
1087816271582937090,0.0
1088120132113760256,0.0
1088295046061805568,0.0
1088547322986930176,0.0
1088586629525180421,0.0
1088926637469646848,0.0
1089110280179761153,0.0
1090158040026963968,0.0
1082699331260608512,0.0
1141084462509371397,0.0
1142157279543910402,0.0
1143641667750301698,0.0
1147279258831773696,0.0
1149196560632360960,0.0
1149224532361850881,0.0
1149318648659697664,0.0
1149790135073947648,0.0
1150724925210157057,0.0
1152200890079678464,0.0
1154546295555710977,0.0
1112853145657335808,0.0
1154833589109972995,0.0
1155068297290932226,0.0
1156625716655599617,0.0
1157128312877006850,0.0
1157357999909818368,0.0
1157702019920142336,0.0
1160896363749675008,0.0
1162219997977960449,0.0
1162847343093440519,0.0
1163992520252153857,0.0
1165946822134771712,0.0
1154738022497378304,0.0
1113140035547791360,0.0
1113835958691074056,0.0
1114393125395619845,0.0
1116856792124813314,0.0
1117210361592205312,0.0
1118159767338389506,0.0
1118512883661459456,0.0
1120377028979462147,0.0
1120738440310607873,0.0
1121114158907428866,0.0
1122035021844496384,0.0
1139302566788046848,0.0
1126471400188010497,0.0
1130573358687543297,0.0
1131870649440526336,0.0
1132928106736435201,0.0
1133510366422392833,0.0
1134119371780104192,0.0
1134770768276066304,0.0
1135284150460719104,0.0
1137370225903640576,0.0
1138024085475266561,0.0
1138878994525413376,0.0
1123291947572060160,0.0
1027792538512633857,0.0
1028770525160660993,0.0
1029210461684867072,0.0
1029347598249943040,0.0
1031531188677173249,0.0
1032920346968707073,0.0
1033111267639222272,0.0
1034182794963025920,0.0
1035649020465688576,0.0
1036128301541191681,0.0
1036318437587341340,0.0
1074568633970540544,0.0
1040160799208161280,0.0
1040326301285052418,0.0
1040441302930935809,0.0
1040647294532702208,0.0
1040968883144990725,0.0
1041033204260593665,0.0
1041626746410295297,0.0
1041674345926389760,0.0
1041710183477465088,0.0
1041985034964672512,0.0
1042544987626500097,0.0
1037678661187641345,0.0
1010662308261982208,0.0
1011039993341661184,0.0
1011518845230702592,0.0
1011684640627810304,0.0
1012324488736854016,0.0
1012427773678366721,0.0
1013454919104450560,0.0
1013868078701137921,0.0
1013935197274791936,0.0
1013964115092443136,0.0
1014832940176601089,0.0
1027067758276751360,0.0
1016226437886509056,0.0
1019848525641932800,0.0
1020098966225063942,0.0
1020349970342383617,0.0
1021124789044490240,0.0
1021411049231331328,0.0
1022435485371781120,0.0
1022955628686401536,0.0
1026326118029303808,0.0
1026725826459521024,0.0
1026937415288676354,0.0
1015748838135681024,0.0
1058264231118692354,0.0
1058292545548140544,0.0
1058823972450697217,0.0
1059151582841970689,0.0
1062336497737699328,0.0
1062710517821857794,0.0
1064284412630757377,0.0
1065189303268065280,0.0
1065658304884547585,0.0
1065677660880338944,0.0
1065717383514341376,0.0
1042829667714166785,0.0
1066791061882851334,0.0
1067232530502483969,0.0
1067468128806989824,0.0
1067735777793200129,0.0
1067770380222414848,0.0
1068977654764879874,0.0
1070248436837072896,0.0
1071846551822184449,0.0
1072149465748922368,0.0
1072660589061791745,0.0
1073964891977986048,0.0
1066392792715399171,0.0
1043181897088729088,0.0
1043185714437992449,0.0
1043631398366654464,0.0
1044874735811735552,0.0
1045696705507852288,0.0
1048229681273741312,0.0
1048546242719100929,0.0
1049616746804629504,0.0
1050478262009262080,0.0
1051208754102964224,0.0
1051212328065294336,0.0
1057972711446716416,0.0
1051876850258124800,0.0
1051879859444682752,0.0
1052660106637266945,0.0
1052813208426172417,0.0
1053039006487842816,0.0
1053580015986765824,0.0
1053592986632814592,0.0
1055110353586192384,0.0
1056093629549182976,0.0
1057697633001709568,0.0
1057741438878920704,0.0
1051549047234777088,0.0
1246810016088236034,0.0
1247111964276527104,0.0
1247421493094551555,0.0
1248350208225878016,0.0
1249146360584114177,0.0
1249184800721772544,0.0
1249443053988769792,0.0
1251234815493496836,0.0
1251475704803405826,0.0
1251530881858224128,0.0
1251752192417071104,0.0
1166975397000613888,0.0
1252203214377824256,0.0
1252333501447315460,0.0
1253936998143811589,0.0
1255820959942086656,0.0
1256047963945787398,0.0
1256430703325196292,0.0
1256864700647845888,0.0
1257575212301737984,0.0
1258494225458573313,0.0
1259292835569979398,0.0
1260530095841783809,0.0
1252192266443272196,0.0
1233876069771595777,0.0
1234312195627941890,0.0
1235665538292109312,0.0
1236396423786135556,0.0
1236448339937419266,0.0
1238038895570321410,0.0
1238155401612361738,0.0
1238564924508516353,0.0
1239088173344571392,0.0
1241379174079590400,0.0
1241789012362309633,0.0
1246515349803106305,0.0
1242287686095794176,0.0
1242908290016739330,0.0
1243088479224913921,0.0
1243170788682936321,0.0
1243202212689522690,0.0
1243539768404738052,0.0
1244223261220704256,0.0
1244701394008977412,0.0
1245234538424360962,0.0
1245355966792470528,0.0
1246231730555686917,0.0
1241983992909443084,0.0
1278730309681496064,0.0
1280753632783273984,0.0
1280880567630823424,0.0
1281076316066869251,0.0
1281612531140878336,0.0
1282133040831950849,0.0
1282369538261233664,0.0
1282594960160825347,0.0
1282921215259144193,0.0
1283173964190298112,0.0
1283321039951482881,0.0
1261397632112570371,0.0
1284068387103166464,0.0
1284847451388739584,0.0
1284944788924637184,0.0
1284984457389395970,0.0
1285336121245827072,0.0
1286543637417988096,0.0
5402612,0.0
1288186261639921664,0.0
1288625870442311680,0.0
1288793297721290754,0.0
1288955277262430208,0.0
1283718362372202496,0.0
1261564837470953472,0.0
1261807960885321729,0.0
1261991879375089665,0.0
1262498994347036672,0.0
1262728136485109762,0.0
1263614720877133825,0.0
1264709649800052736,0.0
1265169006564016130,0.0
1265605528434159616,0.0
1266443918981255169,0.0
1266804354058784769,0.0
1276613019406082048,0.0
1268983666711171072,0.0
1270789421756026881,0.0
1271021929785368581,0.0
1271510369312419844,0.0
1271883607003578368,0.0
1272279252499599360,0.0
1273357923595554827,0.0
1273515518444650496,0.0
1273546506012897281,0.0
1275134957833334785,0.0
1276522782327791616,0.0
1268609463017144322,0.0
1195165942658895873,0.0
1195988340643811329,0.0
1196590283967881216,0.0
1197553032696934400,0.0
1198659505430630407,0.0
1198691072769249281,0.0
1199034655711866882,0.0
1199168954721349634,0.0
1199633460945727488,0.0
1199816676675670016,0.0
1200007669425352705,0.0
1232537827096846338,0.0
1201194426367979521,0.0
1201516981037551619,0.0
1201933728752246785,0.0
1202315051987800064,0.0
1202360836292935681,0.0
1202887381856194561,0.0
1203372312298426369,0.0
1209802369325776896,0.0
1210491700709335041,0.0
1210956632638676992,0.0
1211138037624631296,0.0
1201049331802890240,0.0
1169476002222940162,0.0
1169723149383979008,0.0
1170038752753979393,0.0
1170953052075044864,0.0
1171463733576491009,0.0
1171521728616386561,0.0
1172960240314331137,0.0
1175625128950095873,0.0
1176506435800313856,0.0
1180273217795170304,0.0
1181046985471746050,0.0
1195086138190573587,0.0
1183847830059917314,0.0
1186029754010492928,0.0
1186590420626804737,0.0
1186805594285576193,0.0
1187077926648459265,0.0
1188329290162675713,0.0
1188783195468251138,0.0
1191466789269471232,0.0
1191843903458205696,0.0
1194418597730213888,0.0
1194968523870629888,0.0
1181895419347050497,0.0
1217028738535301121,0.0
1218640877419188224,0.0
1219666645964271616,0.0
1219900649401249793,0.0
1220230342533095424,0.0
1220289508572389378,0.0
1220301118783266816,0.0
1220928529090666496,0.0
1221084831334797312,0.0
1221535572537286664,0.0
1221832590094753793,0.0
1211464637746532352,0.0
1222488702045302786,0.0
1222773302441148416,0.0
1224754397260984328,0.0
1224943771860770816,0.0
1225903431333924864,0.0
1226879160200704000,0.0
1226899205895139334,0.0
1228644082341249025,0.0
1228770929079193600,0.0
1230142907136593920,0.0
1230463139927543810,0.0
1222099872700141568,0.0
1211477762222874624,0.0
1212062497517137920,0.0
1212402841656016896,0.0
1212783083272855552,0.0
1212822458408960000,0.0
1213444186420039680,0.0
1213701347775664129,0.0
1214319515128889344,0.0
1214871674358652928,0.0
1215385541442768916,0.0
1215885555956944896,0.0
1216997801189691392,0.0
1215948376753233921,0.0
1215952054692302848,0.0
1216083515802079232,0.0
1216146263428751361,0.0
1216224241479114752,0.0
1216319834436308992,0.0
1216361622551384065,0.0
1216564046184505344,0.0
1216586453439913985,0.0
1216591524751790081,0.0
1216838812673900546,0.0
1215915965579497472,0.0
818837224003289088,0.0
819230361368412160,0.0
819963533303705601,0.0
821685114186895362,0.0
821995795243270145,0.0
822188103360188416,0.0
822271080085622784,0.0
822347309979672577,0.0
822392395555708928,0.0
822523445275717633,0.0
822897904968986624,0.0
1010212973128843265,0.0
824916487647404034,0.0
824933986560573441,0.0
825629504072617984,0.0
826088887604899844,0.0
826551747971805186,0.0
828566340365643776,0.0
829018916190035968,0.0
829627156976242689,0.0
829733919499100160,0.0
829772284550328324,0.0
829813524037779457,0.0
824030456333135876,0.0
797894729946038276,0.0
799352435034771456,0.0
799374709053915136,0.0
800044839131811840,0.0
801203059359678464,0.0
802011472964546560,0.0
802994025695510529,0.0
803104613629104128,0.0
804249337672908800,0.0
806244423961104388,0.0
807182914651877381,0.0
818212054804926466,0.0
809557260145807360,0.0
812299621527588864,0.0
813404671079514112,0.0
814103950404239360,0.0
814530850868043777,0.0
814864263189843968,0.0
815188996297003008,0.0
815193696152985601,0.0
815832079233478656,0.0
816504369629822976,0.0
817735020043505667,0.0
808471274255220737,0.0
857988025191682048,0.0
858410836796338177,0.0
858459815177318404,0.0
859052578969182210,0.0
862372323562848263,0.0
864099594841489409,0.0
864438647076081669,0.0
866023004450566145,0.0
866352530321801216,0.0
867126568451280896,0.0
867126692321656832,0.0
830055191395201024,0.0
868099066516975617,0.0
868108839987630080,0.0
868231463061377029,0.0
868904778042134528,0.0
869987821649625088,0.0
872000721893371904,0.0
872397577009934336,0.0
872447296499314689,0.0
872506553911390208,0.0
872762088632004612,0.0
873302941020688384,0.0
867400983340568576,0.0
830726294077792260,0.0
831525989616332801,0.0
836037739397033984,0.0
837738968523341825,0.0
838643211736211456,0.0
839104090621759488,0.0
840814070160842753,0.0
842078884950601728,0.0
843659641473064961,0.0
845376539315204096,0.0
845414205654286336,0.0
856093944622358528,0.0
847301196465414145,0.0
847723061583372288,0.0
848620374153715717,0.0
849025028519809025,0.0
849543493970259968,0.0
849819334293803013,0.0
851214088793448450,0.0
851750146001993728,0.0
853237472150659072,0.0
855300206086168576,0.0
855481986290524160,0.0
846046192370880512,0.0
711163935383273474,0.0
711920564386988032,0.0
713386067785809924,0.0
714077350904913920,0.0
714366422806171648,0.0
716220554362150912,0.0
717349448523902976,0.0
720675761825456132,0.0
722528529716383744,0.0
722757627877335040,0.0
722960833853173760,0.0
797201048490430465,0.0
724170852464496641,0.0
724352740051324928,0.0
724650385940557828,0.0
724709308445917184,0.0
725608553332006912,0.0
726040292424617985,0.0
727433056001380353,0.0
728252911675944961,0.0
728278501745373185,0.0
729966282188148736,0.0
730129892877049857,0.0
723720232720838657,0.0
4188202324,0.0
4204440580,0.0
4346255919,0.0
4356461356,0.0
4414166913,0.0
4420207816,0.0
4651329203,0.0
4691437897,0.0
4776838734,0.0
4795342575,0.0
4799185575,0.0
710745766827061248,0.0
4865550959,0.0
4904979732,0.0
4914384040,0.0
695054484083470336,0.0
702078420843278336,0.0
703814694667198464,0.0
704387476794830848,0.0
705854130896703488,0.0
707231479047315456,0.0
709152732230377472,0.0
709799258422173697,0.0
4847086839,0.0
759797500802920448,0.0
760474628682838016,0.0
760618514797436928,0.0
765628985187397632,0.0
766564329122594816,0.0
768018830014685184,0.0
769194300991234048,0.0
770969457682329600,0.0
772457957829316608,0.0
773040422990049280,0.0
773230604133564416,0.0
730148033225211906,0.0
775067343349288960,0.0
775333387909431296,0.0
777159380294782976,0.0
785463520070606848,0.0
785860478069342209,0.0
788782854025207813,0.0
792177705831858176,0.0
793590097425887233,0.0
794530811970195457,0.0
795252888201203712,0.0
797159363811147776,0.0
774174489458331649,0.0
731066315897626625,0.0
733085131972300800,0.0
734703626099232768,0.0
737049250366820356,0.0
737387991820296192,0.0
737494902481657858,0.0
740550489490743296,0.0
741464348099371008,0.0
743210519260192773,0.0
744256897050611712,0.0
746767750635356160,0.0
758182858716348416,0.0
748584200014536704,0.0
748962728333553668,0.0
749551939483004928,0.0
751764121876475905,0.0
751811653633617920,0.0
751858775045263360,0.0
754718787237281792,0.0
754996830774161408,0.0
755076367558074370,0.0
756576901481783296,0.0
758155303238176772,0.0
746817874002579457,0.0
962387325845164032,0.0
963412604952727552,0.0
963777541910577152,0.0
963878358026211330,0.0
964786948849242112,0.0
965715917413015552,0.0
967325689472053249,0.0
967709919540596736,0.0
969677837333606400,0.0
973471717937967104,0.0
975494625095028737,0.0
874629444224376833,0.0
976966801685925888,0.0
978606266040938496,0.0
978996880834158595,0.0
979547029675368449,0.0
981149624303054848,0.0
981471236617330688,0.0
981579100669272065,0.0
982322806275719168,0.0
982661856170053633,0.0
982872801026760704,0.0
982979291884474369,0.0
975514363913293824,0.0
948968653374017537,0.0
949022730065797120,0.0
949072114916777985,0.0
949680157857632258,0.0
949756970109517824,0.0
949759277224419328,0.0
950080458439774208,0.0
950267536003747840,0.0
950657206399176704,0.0
950766802329518080,0.0
951222365878353922,0.0
961742450632069121,0.0
952978023372017664,0.0
953191984432336896,0.0
953537928277487616,0.0
953623284830146560,0.0
954653399970086913,0.0
956250773708591111,0.0
958274012081217536,0.0
959142611025059842,0.0
959891302421815296,0.0
960279607286132736,0.0
961645487022657537,0.0
951741779581329408,0.0
994707367966191621,0.0
996029104267976704,0.0
997167399240683521,0.0
998289099353198592,0.0
998618523483156480,0.0
999484750955012098,0.0
1001222093034479616,0.0
1001931386293510145,0.0
1002047432950104070,0.0
1002149552974106624,0.0
1003969706691321857,0.0
984193418694938625,0.0
1005175674229936128,0.0
1005185803172106241,0.0
1005232959547469824,0.0
1006533118692593669,0.0
1006924896847433728,0.0
1008062167172644864,0.0
1008316359405637633,0.0
1008371760293609473,0.0
1008840549565063168,0.0
1009104801815236608,0.0
1009843913832718336,0.0
1004844064389378048,0.0
984701142260215808,0.0
984887272393904128,0.0
984979596343902208,0.0
986232040021549056,0.0
986604828066541569,0.0
987052008011124742,0.0
988791808615383041,0.0
989653387359776773,0.0
989801651333722112,0.0
989887176803528704,0.0
990479944374505472,0.0
994413874681036800,0.0
991330529659191296,0.0
991596211437277184,0.0
991646194958000128,0.0
991910028213972992,0.0
992124138356707328,0.0
993049181907509249,0.0
993183721460260868,0.0
993539066363826176,0.0
993941740552892416,0.0
994197734684024832,0.0
994276795192086528,0.0
990532165850095617,0.0
888966422893928449,0.0
890061634181373952,0.0
890881362491736065,0.0
891346400386134016,0.0
892203732657504257,0.0
892356724442636288,0.0
893443960793952260,0.0
894177293710610434,0.0
895538480192868352,0.0
896665728463638528,0.0
898098068079468544,0.0
948910895136149504,0.0
901410954071748608,0.0
903154908039348224,0.0
904044099040403457,0.0
905153715245637634,0.0
905359031694491648,0.0
905563470707515394,0.0
905710939575595008,0.0
905916780119547904,0.0
906578736467779584,0.0
907606627880198145,0.0
908765636108709888,0.0
900995846673649665,0.0
874896844878381057,0.0
875599848761737216,0.0
875742452270989312,0.0
876750583037927429,0.0
876819899406053376,0.0
876852749765181445,0.0
876905949872750593,0.0
877618173280911360,0.0
877998693202485250,0.0
878301870468608000,0.0
878310899756433408,0.0
888120721783742467,0.0
878896900937789440,0.0
879022777730293762,0.0
879209721902891010,0.0
880801993039761408,0.0
881098225092087808,0.0
881242741166022659,0.0
883008422089826304,0.0
884148547267985412,0.0
884525585501966336,0.0
886197630753280000,0.0
886279755305234434,0.0
878420453509001216,0.0
940847601921986562,0.0
943300780383141888,0.0
943502519992573952,0.0
944260145244143617,0.0
945669101237751808,0.0
945886639603310592,0.0
945912853197864960,0.0
945923613420544000,0.0
946107449890820096,0.0
946806590249848842,0.0
946961836003401734,0.0
909065211059036160,0.0
947099292182990848,0.0
947107471985926145,0.0
947242675350228992,0.0
947313892883140608,0.0
947322816990298112,0.0
947626817493585920,0.0
947728476135501825,0.0
947914487692234752,0.0
947924373029171200,0.0
947931989587439616,0.0
947985297287122945,0.0
947066796342956032,0.0
910018914213662721,0.0
911309327276929024,0.0
911550247133999104,0.0
911978250813009921,0.0
915384490796748800,0.0
915874542245081088,0.0
918198302742630401,0.0
919725913469747200,0.0
920307525643272193,0.0
920590762294816769,0.0
921487619342692352,0.0
938050231454793728,0.0
925299893681491968,0.0
926031038371061760,0.0
927309656787124225,0.0
927513257946083329,0.0
928585225566699520,0.0
928712499804827648,0.0
930405992776511488,0.0
932815016549539840,0.0
935701736051920896,0.0
936411354214178816,0.0
936731383845834752,0.0
921793308715823105,0.0
