Id,Label,viralcentrality
518692321.0,farcrit,33.438408
1.58977e+18,H3ngam3h_h,30.787455
719596352.0,hamiparvane,28.659458
50599149.0,M005h00,26.305866
1.5683e+18,HiwaTube,25.120091
1.27189e+18,azaadiiyeiraan7,24.003047
1.67621e+18,agha_rashti2,21.094739
1.77128e+18,IspahbadhSina,17.523191
23231946.0,mobarez_nastooh,17.276204
9.08581e+17,cryptosamz,13.581381
8.93758e+17,YaarDabestaani,12.661083
1.46584e+18,5arhang,12.368464
1.6189e+18,Redrighthand89,12.054947
8.7433e+17,VidaSarafraz,9.383537
1.71224e+18,tannaz13131313,6.552508
1.47329e+18,Walterakam,4.465908
1.11203e+18,HananyaPersian,1.94591
1.16376e+18,IDFFarsi,1.94591
1.54454e+18,baramosaa,0.0
1.53108e+18,Nahalida1,0.0
1.52762e+18,kiiana1401,0.0
1.52947e+18,Pourya_Ni,0.0
1.53006e+18,rahe_AZADI_5,0.0
1.53025e+18,pastjii,0.0
1.53048e+18,CaroWagner_in,0.0
1.53071e+18,sababagherii,0.0
1.55186e+18,marcu3_aureliu3,0.0
1.53101e+18,mamduamiri94,0.0
1.53163e+18,mori_pahlavi,0.0
1.52682e+18,edix_amir,0.0
1.5317e+18,Hame_Chizdan,0.0
1.53178e+18,Rioooo_M4,0.0
1.53267e+18,AwaazKhaneJazz,0.0
1.5516e+18,margbar3fased,0.0
1.53344e+18,KyhanWzart,0.0
1.53359e+18,TheLastFist,0.0
1.53368e+18,Miladprz1989,0.0
1.53408e+18,LiberalMilei27,0.0
1.52696e+18,WolfTrump2024,0.0
1.52661e+18,DamonShahh,0.0
1.54402e+18,jijilack,0.0
1.52375e+18,Mosolchi,0.0
1.5224e+18,kiyahwillis,0.0
1.52256e+18,Hootan_HHH,0.0
1.52261e+18,S48945936,0.0
1.52273e+18,Mokhber_Dokhi,0.0
1.52304e+18,max_mad777,0.0
1.52358e+18,khodn98,0.0
1.52374e+18,Donya22I,0.0
1.55267e+18,wlfnobody,0.0
1.5247e+18,Arezurose,0.0
1.52633e+18,sh_zandvakili,0.0
1.52472e+18,format_32,0.0
1.52485e+18,sickfullllll,0.0
1.52505e+18,rsal9008,0.0
1.52515e+18,peransa6365,0.0
1.52524e+18,KhoshroF,0.0
1.52537e+18,1500tasvir_en,0.0
1.52555e+18,shayanLM10,0.0
1.52633e+18,abelbalb,0.0
1.53431e+18,HqHrf,0.0
1.53482e+18,sarbazepahlav,0.0
1.53489e+18,wojakhouseman,0.0
1.54095e+18,brgsht8970,0.0
1.53984e+18,kkoohhyyaarr,0.0
1.5399e+18,menavisualss,0.0
1.54611e+18,Hossein69481295,0.0
1.54001e+18,Mohammad_eb_86,0.0
1.54574e+18,NastyPandi,0.0
1.54012e+18,aryanbarati66,0.0
1.54564e+18,Myrtle320712581,0.0
1.54053e+18,glonesa,0.0
1.54131e+18,Zakhvanetti,0.0
1.53501e+18,LoabatK,0.0
1.54555e+18,illuminattiiiii,0.0
1.54132e+18,Siaasaat,0.0
1.54132e+18,Nazdooneh76,0.0
1.54136e+18,aokurucz,0.0
1.54177e+18,mozhgankshavarz,0.0
1.54184e+18,ervano13964157,0.0
1.54209e+18,cheragh_aseman,0.0
1.54295e+18,LiterallyPuf,0.0
1.54612e+18,NFreeIran2022,0.0
1.53983e+18,DrShehabP,0.0
1.54724e+18,Plasticartman,0.0
1.53919e+18,GordAfaridAI,0.0
1.53522e+18,MaryaMahmoodi,0.0
1.53553e+18,sonofniche,0.0
1.55094e+18,CaPiiiiTaN,0.0
1.53558e+18,DktrSdr,0.0
1.54957e+18,fisherman2323,0.0
1.53593e+18,anti_mollah,0.0
1.52212e+18,VMehrannia,0.0
1.53711e+18,bbln2024,0.0
1.54946e+18,kiyananistam,0.0
1.53723e+18,UltraDane,0.0
1.54874e+18,huburz,0.0
1.53742e+18,DrAlirezaMossa1,0.0
1.53813e+18,p4bedar,0.0
1.53832e+18,Balochm96Ahmad,0.0
1.54842e+18,Nasrin4174,0.0
1.53875e+18,Jebheiran,0.0
1.53886e+18,artemi__ss,0.0
1.53625e+18,baz_migardim,0.0
12.0,jack,0.0
1.52202e+18,paridaryaiiya,0.0
1.52183e+18,taraneeii,0.0
1.49648e+18,mahi___cr7,0.0
1.49678e+18,amiR20267853,0.0
1.49682e+18,ShahabNasiri_,0.0
1.49692e+18,JM_pensylvani,0.0
1.49695e+18,abdolsalammola,0.0
1.4978e+18,Tigeress1401,0.0
1.49829e+18,Farbodahmadi880,0.0
1.49837e+18,alma9877,0.0
1.49837e+18,Arezoo_8060,0.0
1.49847e+18,Animebazi,0.0
1.49876e+18,sarbaz_Ssasanid,0.0
1.49905e+18,SharifiZarchi,0.0
1.49908e+18,BenK40132107,0.0
1.4993e+18,N_I_E_N_T_E,0.0
1.49947e+18,NedaGh9,0.0
1.50028e+18,Gmod_irian,0.0
1.5003e+18,Tondar1985,0.0
1.50046e+18,ACathleen3,0.0
1.501e+18,Mehdyarism,0.0
1.50161e+18,AngryyyyEastern,0.0
1.50202e+18,ARDESHIR005,0.0
1.49616e+18,mr_apoptose,0.0
1.49541e+18,shadika88,0.0
1.49435e+18,Dokhi_sag,0.0
1.49072e+18,moltafalireza,0.0
1.48712e+18,abhaddadii,0.0
1.48731e+18,allamehmadjlesi,0.0
1.48808e+18,iamdesi30724381,0.0
1.48884e+18,Arad60292050,0.0
1.48938e+18,Queenaurora209,0.0
1.48971e+18,PARSA___YN,0.0
1.49008e+18,Revolution_R_,0.0
1.49027e+18,atheistChild789,0.0
1.49045e+18,VerminusM,0.0
1.49079e+18,iranioadad,0.0
1.49424e+18,DamDami,0.0
1.49188e+18,Aref13091625,0.0
1.49194e+18,farhadmahmoudi8,0.0
1.49201e+18,LibertyCappy,0.0
1.49207e+18,GharybEAshena,0.0
1.49212e+18,GoleAbi3,0.0
1.49268e+18,weirddalle,0.0
1.49278e+18,Nimpel_2,0.0
1.49352e+18,torojoonemola,0.0
1.49397e+18,fardinioo,0.0
1.50215e+18,ybensnkr888,0.0
1.50367e+18,nashenas012,0.0
1.50384e+18,Mahtabh2000,0.0
1.51789e+18,rarac_o,0.0
1.51213e+18,WoaxRey,0.0
1.51274e+18,Armanjasoor,0.0
1.51289e+18,validsource20,0.0
1.5138e+18,Mansoor_esf,0.0
1.51387e+18,MedissTavakoli,0.0
1.51424e+18,Avtradiing,0.0
1.5149e+18,GermanShirazi,0.0
1.51491e+18,Hqkaya,0.0
1.51502e+18,iifarrnazii,0.0
1.51795e+18,letodiona,0.0
1.51174e+18,shimaaa1232,0.0
1.5181e+18,ZechariahSharab,0.0
1.51868e+18,real_Ardalan,0.0
1.51889e+18,4CKIUI,0.0
1.51971e+18,EtehadPahlavism,0.0
1.52049e+18,Nobody_Y_S,0.0
1.52089e+18,Realneo101,0.0
1.52108e+18,Sheyshey1367,0.0
1.55273e+18,leonam_2,0.0
1.52146e+18,JTeimasi,0.0
1.51174e+18,E_hsan_2020,0.0
1.51174e+18,anamahmodiii,0.0
1.50407e+18,Iraniam_2583,0.0
1.50914e+18,sadezist81,0.0
1.50454e+18,a21pink222,0.0
1.50467e+18,AhooyePorKeresh,0.0
1.50505e+18,Ayshyshaki,0.0
1.50548e+18,Gerashchenko_en,0.0
1.50586e+18,mohmdmahdig,0.0
1.50611e+18,sarbazeshahiran,0.0
1.50749e+18,Persian_picture,0.0
1.50785e+18,ordakbarandaz,0.0
1.50913e+18,RPORED4,0.0
1.50925e+18,AzizBarandaz,0.0
1.51104e+18,mehdimoradi84,0.0
1.5093e+18,icecooffee7,0.0
1.50955e+18,koco_1923,0.0
1.50961e+18,Janatkhah_ir,0.0
1.50988e+18,la_roshfoko,0.0
1.50997e+18,gebad_,0.0
1.51001e+18,MrsJamesAnne,0.0
1.51039e+18,artoosham2000,0.0
1.51047e+18,RabbiApproves,0.0
1.51067e+18,itsmichalll,0.0
1.52121e+18,mohammadgntt,0.0
1.55491e+18,Mayekhal,0.0
1.5528e+18,EndWokeness,0.0
1.55397e+18,Kermatos,0.0
1.57398e+18,mehrvash_1,0.0
1.57401e+18,GOlVENUS,0.0
1.57401e+18,unknownproteste,0.0
1.57401e+18,VictoriousIran,0.0
1.57406e+18,anti_mola,0.0
1.57411e+18,saramobarez1,0.0
1.5742e+18,hana_paeizi,0.0
1.57426e+18,MohamedGolesta1,0.0
1.57435e+18,IMMEMOSH,0.0
1.57438e+18,OfArakis,0.0
1.57443e+18,GazaHealth,0.0
1.57447e+18,Behnaz610552955,0.0
1.57448e+18,Sunny_Azadi,0.0
1.57449e+18,amita_0302,0.0
1.5745e+18,Nargolsafa,0.0
1.57452e+18,Bibaak007,0.0
1.57453e+18,sourenasanto,0.0
1.57454e+18,iranrioter,0.0
1.57457e+18,mohammad_x100,0.0
1.57459e+18,Il_gladi_atore,0.0
1.57459e+18,tiregheib,0.0
1.57387e+18,SHAYA9000,0.0
1.57387e+18,yousef34095102,0.0
1.57384e+18,AlmaIran2012,0.0
1.57355e+18,morvari52612932,0.0
1.57339e+18,Neda73Neda,0.0
1.57339e+18,NedaBahar2,0.0
1.57341e+18,asayrshgah,0.0
1.57341e+18,Sheila75690425,0.0
1.57342e+18,vidarwarrior,0.0
1.57345e+18,trollsiasi,0.0
1.57348e+18,TahminA07011401,0.0
1.57351e+18,Faribatehrani4,0.0
1.57352e+18,Donya_iranii,0.0
1.57355e+18,BondarBidakhsh_,0.0
1.57379e+18,SedayeShahrivar,0.0
1.57359e+18,sitri00,0.0
1.57362e+18,NimaRefelz,0.0
1.57362e+18,iranianpappppi3,0.0
1.57362e+18,knbhgfk,0.0
1.57363e+18,sogolisogoliyan,0.0
1.5737e+18,BenSusaaa,0.0
1.57374e+18,phase_shad,0.0
1.57376e+18,imdearie2,0.0
1.57379e+18,MariaBabaie,0.0
1.57464e+18,ara_aaD2926__ij,0.0
1.57464e+18,MyEpiphany11,0.0
1.57465e+18,Sama_irooni,0.0
1.57676e+18,Shaheenchevv,0.0
1.57598e+18,ghasssabb,0.0
1.57599e+18,SBahrami2022,0.0
1.57602e+18,arezoubehrang_,0.0
1.57619e+18,khodabozorge,0.0
1.5763e+18,Mirfendereski_1,0.0
1.57633e+18,sarahshamsaei,0.0
1.57651e+18,MrAmir_30,0.0
1.57667e+18,ZTEAM1401,0.0
1.5767e+18,Thorin9900,0.0
1.57678e+18,PersianGulf2022,0.0
1.57581e+18,Baran_Macan,0.0
1.57683e+18,Robiin_Hoodx,0.0
1.57691e+18,fulooode,0.0
1.57694e+18,RadmanShhram,0.0
1.57698e+18,heidarian63,0.0
1.57701e+18,Alic98210073,0.0
1.57727e+18,Nazanin50015935,0.0
1.57731e+18,Nariiia8927,0.0
1.57737e+18,1500tasvir_list,0.0
1.57741e+18,zazzanone,0.0
1.5759e+18,psychotic_bat,0.0
1.57581e+18,MaryAbtArt,0.0
1.57469e+18,farshadeashour,0.0
1.57539e+18,MarzieAdinezade,0.0
1.5747e+18,imperial_agent3,0.0
1.57473e+18,d_white_rabbit,0.0
1.57474e+18,KafirKish,0.0
1.57477e+18,Tina_tina_7777,0.0
1.57479e+18,__EcceHomo2,0.0
1.57484e+18,rahimy166,0.0
1.57486e+18,E_Aria_N,0.0
1.57514e+18,Roz12307894322,0.0
1.57535e+18,marde_khaaste,0.0
1.57539e+18,BrayeIranam1976,0.0
1.57579e+18,SzabadonMagyar,0.0
1.57551e+18,SvejkSoldat,0.0
1.57559e+18,Nazanin520,0.0
1.57559e+18,nikiferferi,0.0
1.57562e+18,Am1rone2,0.0
1.57562e+18,Action4IR,0.0
1.57563e+18,ReinaRezaie,0.0
1.57568e+18,Heyranjaan,0.0
1.57572e+18,Mahdi67Fafa,0.0
1.57576e+18,n_ara30,0.0
1.57339e+18,punkpater,0.0
1.57338e+18,sss_parisa,0.0
1.57336e+18,Zalzalak15,0.0
1.56564e+18,Aria_is_heree,0.0
1.56112e+18,Sarbaz_Leis4943,0.0
1.56194e+18,dr_ali_shojaei,0.0
1.56213e+18,samanrashnoo,0.0
1.56242e+18,shahii1984,0.0
1.56308e+18,khodanoor_01,0.0
1.56344e+18,hadissabouri,0.0
1.56407e+18,avengingX,0.0
1.56421e+18,_sarinaez_,0.0
1.5646e+18,Ritzyg2000,0.0
1.56846e+18,FunkyMe4Now,0.0
1.56034e+18,RosebudDonKhoan,0.0
1.5694e+18,daneshjo_pishro,0.0
1.5698e+18,simurgh2580,0.0
1.56999e+18,Mr135900,0.0
1.57011e+18,freeGirlfreefem,0.0
1.57038e+18,Delvan_Alireza1,0.0
1.57043e+18,rzhbzdeh,0.0
1.57051e+18,cefalu1500,0.0
1.57052e+18,dindaa777,0.0
1.57067e+18,TorturedUs,0.0
1.56069e+18,3orkh,0.0
1.56025e+18,Shabramz,0.0
1.57115e+18,daryo67111018,0.0
1.55776e+18,Catsillyness,0.0
1.55422e+18,nooresiah,0.0
1.48695e+18,Amir59717159,0.0
1.55589e+18,ahoora004,0.0
1.55591e+18,samiir_909,0.0
1.55622e+18,aaryaansarii,0.0
1.55624e+18,parwaz22,0.0
1.5563e+18,callmeminnnnn,0.0
1.55672e+18,frank_1929,0.0
1.55708e+18,Cyanide_0044,0.0
1.55777e+18,Behrozbenz,0.0
1.55951e+18,JBehieh,0.0
1.5581e+18,callmem0siw,0.0
1.55819e+18,NarrehKhar,0.0
1.55823e+18,msrevolte,0.0
1.55839e+18,laburnum1000,0.0
1.55857e+18,viivienn__,0.0
1.55876e+18,Mahnush19,0.0
1.55878e+18,Tara05397483,0.0
1.55906e+18,Fallah13Fallah,0.0
1.55948e+18,carnfl,0.0
1.57095e+18,Shaghayegh_3,0.0
1.57125e+18,Leo_mahiw,0.0
1.57336e+18,User10ne,0.0
1.573e+18,feri_2023,0.0
1.57261e+18,irandmaa,0.0
1.57261e+18,karenglasercopy,0.0
1.57264e+18,lmshygirl,0.0
1.57267e+18,MntzrSday,0.0
1.57289e+18,freeiranlive,0.0
1.57292e+18,maahiiran,0.0
1.57292e+18,siamak_tadayon,0.0
1.57293e+18,Farhangn1Arezoo,0.0
1.57295e+18,Chahdortt,0.0
1.573e+18,IranBan45405993,0.0
1.57256e+18,Mard_e_kohan,0.0
1.57304e+18,NavVviiD,0.0
1.57305e+18,Pargol2020,0.0
1.57309e+18,f_poory,0.0
1.57319e+18,kiku2536,0.0
1.57321e+18,DokhtIrannn,0.0
1.57321e+18,payoshiya,0.0
1.57321e+18,bardi1980,0.0
1.57322e+18,ArteshAriamehr,0.0
1.57327e+18,lojjhpejkkd,0.0
1.57257e+18,Cassandana22,0.0
1.57255e+18,Aliberalbot,0.0
1.57143e+18,Hossein_68_38,0.0
1.5721e+18,Wander1Mystical,0.0
1.57156e+18,Sorena2024King,0.0
1.57173e+18,PedramKianipk,0.0
1.57186e+18,Lillian3003,0.0
1.57196e+18,Alak44190056,0.0
1.57196e+18,jwd06342045,0.0
1.57199e+18,Zeidebastami,0.0
1.57201e+18,Aysan_Iran,0.0
1.57205e+18,MakanKey,0.0
1.57209e+18,Baran98427211,0.0
1.57219e+18,shinestar888,0.0
1.57254e+18,antilashi2000,0.0
1.57221e+18,tii_ech,0.0
1.57223e+18,Shiny35347969,0.0
1.5723e+18,mohammadd4456,0.0
1.57231e+18,bella_s369,0.0
1.57238e+18,SourenaSouren,0.0
1.57242e+18,mmdbqry2,0.0
1.57249e+18,MattTheRat_,0.0
1.57251e+18,h0llyjohnston,0.0
1.57251e+18,akhuondkosh2,0.0
1.487e+18,hamdrezz,0.0
1.48383e+18,Rebessaa,0.0
1.48673e+18,dadban4,0.0
1.36171e+18,asgharshiri2,0.0
1.3559e+18,4dr_tara,0.0
1.35598e+18,callmeshakilla,0.0
1.35668e+18,aniimal_lover,0.0
1.35706e+18,Kasraahmadi13,0.0
1.35752e+18,avatoday_news,0.0
1.35794e+18,IRAANBAAN,0.0
1.3584e+18,sinai980,0.0
1.35949e+18,money90094727,0.0
1.36038e+18,CameronBehzadi,0.0
1.36243e+18,USEnvoyIran,0.0
1.3557e+18,noodlesss1990,0.0
1.36244e+18,Negii2201,0.0
1.36274e+18,ImMA8172,0.0
1.3642e+18,inja_injaneb,0.0
1.36426e+18,Ehsanviews1,0.0
1.36429e+18,alireigns1011,0.0
1.36445e+18,CryptoVizArt,0.0
1.36657e+18,WallStreetSilv,0.0
1.36704e+18,NotShelled,0.0
1.36754e+18,SepideJandaghi,0.0
1.35572e+18,GuntherEagleman,0.0
1.35564e+18,MichaelGReno,0.0
1.37028e+18,GhorbaniiNiyak,0.0
1.35042e+18,Amir_tatatio,0.0
1.34597e+18,naghi4tweeter,0.0
1.34615e+18,Homa2021,0.0
1.34628e+18,HelenArjad,0.0
1.34677e+18,Sssccpp,0.0
1.34687e+18,SenatorHagerty,0.0
1.3469e+18,limoodiran,0.0
1.34713e+18,mediahadis,0.0
1.34782e+18,Despicable_Man,0.0
1.35003e+18,shahira60210003,0.0
1.35044e+18,11__soofi,0.0
1.35526e+18,Benjamin2Buton,0.0
1.35076e+18,Sanjaribaf,0.0
1.35161e+18,F7_Arash,0.0
1.35194e+18,TheAkbarShah,0.0
1.35204e+18,ArianMutter,0.0
1.35227e+18,mojgan07798961,0.0
1.35304e+18,MorHogeg,0.0
1.35399e+18,Anonymouus_____,0.0
1.35438e+18,shahr918022281,0.0
1.35452e+18,arash_aa64,0.0
1.36974e+18,Fr33domSeek3r,0.0
1.37084e+18,MolaniaHiwa,0.0
1.34563e+18,samirkh1389,0.0
1.39282e+18,KnightAnahita22,0.0
1.38911e+18,awes_spad,0.0
1.38991e+18,cb_doge,0.0
1.38998e+18,6ohlxisK6AaGx5Z,0.0
1.39062e+18,mahdina46511139,0.0
1.39066e+18,Farzad2537,0.0
1.39074e+18,Malin54449388,0.0
1.39075e+18,winstoon3,0.0
1.39086e+18,Rfrenss,0.0
1.39133e+18,twiterrism819,0.0
1.39299e+18,MehdiVakili20,0.0
1.38497e+18,mikayilh03,0.0
1.39317e+18,HOUOMAN,0.0
1.39348e+18,pocohantes2021,0.0
1.39407e+18,SHuARi99,0.0
1.39424e+18,Binava_ii,0.0
1.39567e+18,KhatibiOfficial,0.0
1.39646e+18,Shirzad1968,0.0
1.39675e+18,Amir_Galavani,0.0
1.39903e+18,kaviani_aria,0.0
1.39998e+18,titab_inmood,0.0
1.38608e+18,NoushaEshghi,0.0
1.38482e+18,fairghh,0.0
1.37111e+18,KouroshNazarian,0.0
1.37687e+18,baqeri_meisam,0.0
1.3714e+18,Saeed48920740,0.0
1.37173e+18,MasoudSlii,0.0
1.37228e+18,itscallboss,0.0
1.37275e+18,Koroshariae2021,0.0
1.37407e+18,eternity_2001,0.0
1.37434e+18,ashkanekh,0.0
1.37502e+18,BLACKchamoMil,0.0
1.37651e+18,Malusakam,0.0
1.37684e+18,foroog4,0.0
1.37749e+18,AdinHaykin1,0.0
1.38408e+18,AliAghell,0.0
1.37826e+18,jandarck60,0.0
1.3799e+18,Gazza_B8,0.0
1.38018e+18,deevesefid,0.0
1.38045e+18,SEskandarii,0.0
1.38064e+18,Cryptol56407054,0.0
1.38114e+18,titii80,0.0
1.3814e+18,massimomorattti,0.0
1.38205e+18,Rezaie1982Mrr,0.0
1.38221e+18,ElonMuskAOC,0.0
1.34566e+18,koroshCR7,0.0
1.34382e+18,Zakhe93,0.0
1.48627e+18,Persiairany,0.0
1.31163e+18,Pezhvaak1,0.0
1.30554e+18,siavosh48,0.0
1.30631e+18,XAVIAERD,0.0
1.30702e+18,RAHBARMOVAGAT,0.0
1.30727e+18,notrealizumi,0.0
1.30813e+18,footballibodam,0.0
1.30866e+18,SasanRebels,0.0
1.30913e+18,ay_____l_ar,0.0
1.30958e+18,alidikafraz,0.0
1.30995e+18,BonHamidscott17,0.0
1.31203e+18,Tsihanouskaya,0.0
1.30286e+18,keykemiveyi,0.0
1.31227e+18,frggiiiee,0.0
1.31228e+18,Tanha_5566,0.0
1.31464e+18,Pegahan__,0.0
1.31556e+18,golnarjahanbani,0.0
1.31612e+18,corrrdeliiiaaa,0.0
1.31629e+18,mey_monik,0.0
1.31687e+18,Siahi15,0.0
1.3169e+18,iamsalij,0.0
1.317e+18,realMaalouf,0.0
1.30551e+18,goddesofhope,0.0
1.30282e+18,sir_rocoo,0.0
1.31783e+18,Aburrrida901903,0.0
1.29588e+18,Elham42302688,0.0
1.29009e+18,GazelleSharmahd,0.0
1.29037e+18,gohar169,0.0
1.29126e+18,khormal0098,0.0
1.29149e+18,BamdadPirouzi,0.0
1.29231e+18,2Ubbe,0.0
1.29273e+18,steveimcqueen,0.0
1.29364e+18,marziahussaini0,0.0
1.29387e+18,sag_koshi,0.0
1.2956e+18,afkari_saeed,0.0
1.29692e+18,ali73724440,0.0
1.30116e+18,samousavi44,0.0
1.29725e+18,Kian_sh26,0.0
1.29826e+18,khosrokhan05,0.0
1.29858e+18,ARDESHIR003,0.0
1.29886e+18,Gen_Pinuchet,0.0
1.29938e+18,lIshaghayeghlI,0.0
1.29969e+18,ZafarHeretic,0.0
1.30006e+18,ar_dpm88,0.0
1.30038e+18,daniela_sepehri,0.0
1.30074e+18,Mikey007007,0.0
1.31711e+18,KhavaranKaveh,0.0
1.31788e+18,ErfanSabeti,0.0
1.3424e+18,kochar_ir,0.0
1.33634e+18,The1_No1,0.0
1.33042e+18,Samaismm,0.0
1.33235e+18,KMooreGilbert,0.0
1.33257e+18,Amir_forughii,0.0
1.33385e+18,unknownuserWLF,0.0
1.33391e+18,iamramanzada,0.0
1.3342e+18,Xman1Simon,0.0
1.33606e+18,MazdakBAMDADAN2,0.0
1.33617e+18,baharlooe,0.0
1.33618e+18,mohamadhosein_2,0.0
1.33746e+18,faryaddarkhafa1,0.0
1.32941e+18,fSxjcIhOMQxSEE2,0.0
1.33778e+18,Gaffer_Wolf,0.0
1.33778e+18,amir1apex,0.0
1.33798e+18,Purple___drop,0.0
1.33855e+18,5pickkk,0.0
1.33917e+18,GBNEWS,0.0
1.33991e+18,HomaTajbakhsh,0.0
1.34145e+18,ghoghayeSokoot,0.0
1.34176e+18,DTehrany,0.0
1.34212e+18,NilloofarAbi,0.0
1.32971e+18,Jaavidshah,0.0
1.32906e+18,QaradaghBear,0.0
1.31821e+18,sanazcartoon,0.0
1.32391e+18,kambujiye_2535,0.0
1.31867e+18,mariam_claren,0.0
1.31925e+18,vazhe23,0.0
1.32039e+18,MasoudSaeedinia,0.0
1.32181e+18,qalicheh,0.0
1.32197e+18,s_h_a_p_u_r,0.0
1.32205e+18,rezazadeh1122,0.0
1.32306e+18,manaartlover,0.0
1.32377e+18,GhassemiAbi,0.0
1.32386e+18,Meysam73203915,0.0
1.32473e+18,sunnny_pannni,0.0
1.32874e+18,Delgado4444,0.0
1.32482e+18,Silver19967452,0.0
1.32516e+18,ANTYTHEZIS,0.0
1.32558e+18,TalkFifi,0.0
1.32609e+18,Niyaz68401862,0.0
1.32619e+18,farida18739455,0.0
1.32718e+18,_ali_jo,0.0
1.32796e+18,1500tasvir,0.0
1.32841e+18,gettylegion,0.0
1.3287e+18,MirzaeiMotahare,0.0
1.40017e+18,Pz_kommandant,0.0
1.40077e+18,yassfid7750,0.0
1.40078e+18,amir7gladbakh,0.0
1.45928e+18,golbarg20201,0.0
1.45787e+18,sentdefender,0.0
1.45799e+18,herbertgreg8,0.0
1.45815e+18,bezarfekrkonam,0.0
1.4582e+18,r_tamizkar,0.0
1.45834e+18,LightofRev,0.0
1.45871e+18,ARo0_7,0.0
1.45878e+18,AmirkhizyMeliss,0.0
1.45887e+18,Ana__Schuster,0.0
1.45927e+18,FereydounJRL,0.0
1.45934e+18,alexharmstrong,0.0
1.45602e+18,BehrangBabak,0.0
1.45973e+18,ShahinMajelan,0.0
1.46068e+18,JohnnyNash77,0.0
1.46122e+18,Maryam12214429,0.0
1.46155e+18,Akhis_pakhis2,0.0
1.46209e+18,DkhtrMaharajh,0.0
1.46216e+18,WatchYalla,0.0
1.46381e+18,Arthas7z,0.0
1.46505e+18,HelliAzad,0.0
1.46614e+18,arte_alb,0.0
1.45735e+18,orcica,0.0
1.45558e+18,PiersUncensored,0.0
1.46891e+18,farangistaheri,0.0
1.45004e+18,MaymoonMast,0.0
1.44537e+18,haalvsh,0.0
1.44544e+18,Hooriehkhodami1,0.0
1.44666e+18,hazliyeah,0.0
1.44693e+18,ClownWorld_,0.0
1.44722e+18,sadaffadaeian,0.0
1.44757e+18,liloooum,0.0
1.44765e+18,fridaka96,0.0
1.44798e+18,h_shyrazi,0.0
1.44872e+18,mtorkamaan1995,0.0
1.45085e+18,2the_dark_byte_,0.0
1.45557e+18,Soranmansournia,0.0
1.45167e+18,tootferangi,0.0
1.45262e+18,ShavazCom,0.0
1.45299e+18,iran22851566,0.0
1.45339e+18,sezar00126,0.0
1.45399e+18,shmssyd85,0.0
1.45448e+18,hossein_d15,0.0
1.4546e+18,Tanasoli_Return,0.0
1.45511e+18,ToomajSalehiFan,0.0
1.4554e+18,Belfi58515802,0.0
1.46834e+18,koroshkabirq,0.0
1.46971e+18,theomen1978,0.0
1.40085e+18,marlon00866335,0.0
1.48042e+18,AccuracyHHM,0.0
1.47851e+18,Kolbarnews,0.0
1.47853e+18,SorooshSina,0.0
1.47874e+18,laliSA__79,0.0
1.47887e+18,mynameismahsaaa,0.0
1.47906e+18,Matinsheibii,0.0
1.47937e+18,mahrokh19726311,0.0
1.4799e+18,kantianism_n,0.0
1.48017e+18,nilooofarqam,0.0
1.4804e+18,badbitch7575,0.0
1.48068e+18,kimba787,0.0
1.47833e+18,Arman_Nouriyan,0.0
1.48139e+18,panbedarnaf1,0.0
1.48219e+18,estemnayi1,0.0
1.48232e+18,vahid_nightmare,0.0
1.4824e+18,Roozbeh2666,0.0
1.48282e+18,Golareh0,0.0
1.57765e+18,Freeplatipous,0.0
1.48418e+18,EdaalateAli1400,0.0
1.48482e+18,ieatalexturner1,0.0
1.48531e+18,iranariyayi64,0.0
1.47833e+18,anon__fighter,0.0
1.47831e+18,tajolmolook123,0.0
1.46978e+18,ronin47ir,0.0
1.47276e+18,aliemamiofnyc,0.0
1.47027e+18,hamivattan,0.0
1.47141e+18,kirawontmiss,0.0
1.47143e+18,balochestan1422,0.0
1.47145e+18,NeoRezM,0.0
1.47156e+18,napelunbonapart,0.0
1.47191e+18,NazaninHonarkar,0.0
1.47224e+18,payandeiranam,0.0
1.47227e+18,RezaMoh41155063,0.0
1.47262e+18,Khosrowalikord2,0.0
1.47336e+18,sogoli_bikhodi,0.0
1.47815e+18,JamesDeanUFO,0.0
1.47359e+18,Amin_64A98,0.0
1.47409e+18,ShitpostGate,0.0
1.4745e+18,PBDsPodcast,0.0
1.47463e+18,Mqadi99,0.0
1.47664e+18,goat_Thecreator,0.0
1.47692e+18,mahi3555,0.0
1.47725e+18,mss_prisoner,0.0
1.47798e+18,Narges59897716,0.0
1.47809e+18,ScottBaughCA47,0.0
1.44533e+18,X4LIREZ4X,0.0
1.44514e+18,zobeyd_e_akani,0.0
1.44511e+18,HasanAliSalman1,0.0
1.41496e+18,hannaa______,0.0
1.40886e+18,artidiana2,0.0
1.40986e+18,ISefati,0.0
1.40995e+18,forevermr_,0.0
1.41e+18,persianjewess,0.0
1.41142e+18,Mesi82068361,0.0
1.41202e+18,Parav610136875,0.0
1.41293e+18,HayleyMarshallQ,0.0
1.41322e+18,Teeegra,0.0
1.41414e+18,BabyfaceFz,0.0
1.41561e+18,hoseinshirzad89,0.0
1.40798e+18,abbcccz,0.0
1.41602e+18,Blackja36801561,0.0
1.41624e+18,RanaDadpour,0.0
1.41637e+18,oomidvaramm,0.0
1.4167e+18,javidnaam,0.0
1.41746e+18,aghachurchill,0.0
1.4181e+18,athlete202122,0.0
1.41988e+18,iran_vdt,0.0
1.42059e+18,iranimerican,0.0
1.42067e+18,myfootkin,0.0
1.40877e+18,AidaWarahram2,0.0
1.40783e+18,Gerogan_57,0.0
1.44409e+18,mehditorbati1,0.0
1.40481e+18,Me_Unstoppable2,0.0
1.40088e+18,sarmadi_design,0.0
1.40165e+18,nadiajr10_,0.0
1.402e+18,Gard_e_Javidan,0.0
1.40222e+18,lastphoneix777,0.0
1.40238e+18,lnahalllnahall,0.0
1.40384e+18,Jordan_2nd,0.0
1.40405e+18,Bahman_Hub,0.0
1.40412e+18,JaviidanIran,0.0
1.40423e+18,Arash_sadeghii,0.0
1.40528e+18,kianush_znika,0.0
1.4077e+18,5luckyfingers,0.0
1.40563e+18,pasta_hastam,0.0
1.40576e+18,EnZh8i,0.0
1.40578e+18,Timateh,0.0
1.40619e+18,Sadaf__12,0.0
1.40701e+18,Naseram0110,0.0
1.40707e+18,HajizadehMoloud,0.0
1.40726e+18,Iranbanoo2024,0.0
1.40728e+18,Sardardofgod,0.0
1.40732e+18,KmNegar,0.0
1.42081e+18,chosravi,0.0
1.42186e+18,PesareMaziyar,0.0
1.42192e+18,ErfanNajafabadi,0.0
1.43986e+18,dawshtm,0.0
1.43538e+18,EkraniSam,0.0
1.4359e+18,Iliaaaa6,0.0
1.43631e+18,adielofisrael,0.0
1.43742e+18,officer_Lew,0.0
1.43758e+18,afshin2019a,0.0
1.43854e+18,Shahinlooo,0.0
1.4389e+18,sam9i8,0.0
1.439e+18,RADOCLUB,0.0
1.43957e+18,ww3_persia,0.0
1.44081e+18,OfficialToomaj,0.0
1.42212e+18,matnkhan4,0.0
1.44113e+18,Hasanake_Vakil,0.0
1.44173e+18,Babasha81979252,0.0
1.44174e+18,zootopiazz,0.0
1.44176e+18,Loc0m0,0.0
1.4425e+18,_raisininthesun,0.0
1.44257e+18,agha_rashti,0.0
1.44287e+18,mhkh58,0.0
1.44367e+18,Peleja11,0.0
1.44393e+18,dokhtaregilak,0.0
1.43517e+18,Mana_d_75,0.0
1.43502e+18,shiraninaroui,0.0
1.43415e+18,F_karamizand,0.0
1.43246e+18,lilith_st6,0.0
1.42277e+18,icepiton,0.0
1.42335e+18,_sjd_1012,0.0
1.42477e+18,manjizhastam,0.0
1.42536e+18,ReallyRosalie,0.0
1.42543e+18,pinkcherrybud,0.0
1.42547e+18,Air0fFreedom,0.0
1.426e+18,VakilipourR,0.0
1.42617e+18,1mobarezaziran,0.0
1.42644e+18,AgnosticLiberal,0.0
1.42654e+18,Villllainess,0.0
1.42665e+18,Abooooolfazl,0.0
1.42764e+18,S_iran01,0.0
1.42815e+18,_Reaganite_,0.0
1.4294e+18,RadioGenoa,0.0
1.42977e+18,ShahabHolland,0.0
1.43012e+18,hamedborass,0.0
1.43065e+18,chaterbox3025,0.0
1.43099e+18,m4tinbeigi,0.0
1.43183e+18,sabermalekraisi,0.0
1.5775e+18,mahdokht_d,0.0
1.57789e+18,AzadanSoroush,0.0
1.57767e+18,AdlNavid,0.0
1.68347e+18,ToonDazza,0.0
1.6815e+18,mahsakianiiii,0.0
1.68223e+18,ChitchatBT,0.0
1.68233e+18,TheAlef_,0.0
1.68269e+18,mobarazan57,0.0
1.68288e+18,king_ariyamehr,0.0
1.68299e+18,mezraaaab,0.0
1.68299e+18,chizesoorati,0.0
1.683e+18,BhFak46419,0.0
1.68319e+18,Navid___Azadi,0.0
1.68385e+18,sobhanyasin,0.0
1.68142e+18,Tommyshofazhi,0.0
1.68398e+18,DwstSh5,0.0
1.68419e+18,lordkutuleh,0.0
1.68463e+18,Meshkat_Iran,0.0
1.68483e+18,JodieButFaster,0.0
1.68488e+18,TheNihlOnExile,0.0
1.68528e+18,Kaboos132691,0.0
1.68529e+18,UTrooper63351,0.0
1.68532e+18,AzadiTeheran,0.0
1.68546e+18,sharland57753,0.0
1.68146e+18,SushyanPahlavi,0.0
1.68133e+18,Yn3082,0.0
1.68572e+18,g_o_ldilocksir2,0.0
1.67808e+18,roohkhaste,0.0
1.67488e+18,Amud_Raa,0.0
1.67523e+18,id3bug,0.0
1.67595e+18,webhead383,0.0
1.67596e+18,mohammadaleph,0.0
1.67598e+18,pesarrrr,0.0
1.67707e+18,Dexter_mgn,0.0
1.67744e+18,JaveedRezaShah,0.0
1.67762e+18,Banjjjjo,0.0
1.6777e+18,zz_4bol,0.0
1.6784e+18,Marde_kohan,0.0
1.68098e+18,BachehayeIran,0.0
1.67867e+18,HomayounHassan,0.0
1.67867e+18,tahminehmolaei,0.0
1.67948e+18,amini_sali85687,0.0
1.6796e+18,ToomajSale53904,0.0
1.67979e+18,Warrior03005,0.0
1.67987e+18,1tyranno,0.0
1.68003e+18,abban98192288,0.0
1.68052e+18,Angellwarrior,0.0
1.68052e+18,pishecheshm,0.0
1.68566e+18,Bbahamundoxtre1,0.0
1.68596e+18,Sheyda36,0.0
1.67404e+18,PureSoul_isback,0.0
1.69655e+18,Welamkondige,0.0
1.69479e+18,Taraneui,0.0
1.69489e+18,CemalK25777Cema,0.0
1.69546e+18,AzadFarsani5,0.0
1.69587e+18,AnahitaMod39228,0.0
1.69591e+18,Keyhan_iran2023,0.0
1.69606e+18,farid_bela61055,0.0
1.69616e+18,Connman6669,0.0
1.69624e+18,thisismeaban,0.0
1.69639e+18,XkbarX,0.0
1.6972e+18,jaber36912,0.0
1.69437e+18,o2GBLrPkV777772,0.0
1.69766e+18,zikaavi,0.0
1.69811e+18,Kolmar_kolmar,0.0
1.69843e+18,Amirebrahi91824,0.0
1.69861e+18,SalgardMahsa,0.0
1.69869e+18,danial_mir69895,0.0
1.69948e+18,ParsehIran,0.0
1.69971e+18,asmr9595amir,0.0
1.6998e+18,baba_kiseh,0.0
1.69982e+18,PartyPikp2582,0.0
1.69469e+18,d_sargardan,0.0
1.69376e+18,Negarkorkor,0.0
1.68603e+18,AsalJazideh,0.0
1.68817e+18,QXMRD,0.0
1.6861e+18,barzan_arbaba,0.0
1.68631e+18,fuckbehamechii,0.0
1.68635e+18,PahlaviNewsLine,0.0
1.68686e+18,abolfazladz,0.0
1.68712e+18,mmdmhd1ii_,0.0
1.6875e+18,dneeyin,0.0
1.68766e+18,scharminn,0.0
1.68768e+18,AsedeleSexy,0.0
1.68814e+18,ForFreedom1401,0.0
1.68843e+18,GoneTroppo23,0.0
1.69333e+18,Rasa1403,0.0
1.69032e+18,IRN_GRL,0.0
1.69035e+18,ErosNavall,0.0
1.69053e+18,MahsaMalke34036,0.0
1.69086e+18,Farid1242040519,0.0
1.69122e+18,Anahid9854,0.0
1.69123e+18,wilson293364,0.0
1.69165e+18,SenatorClaire,0.0
1.69248e+18,RayMegah,0.0
1.69255e+18,misandristnaz,0.0
1.6746e+18,Hamidasadi42390,0.0
1.67368e+18,Ghazalam23,0.0
1.70077e+18,_mihanparast_,0.0
1.65647e+18,100_resaneh,0.0
1.65469e+18,Soji_Destroyer,0.0
1.65481e+18,SaeedRN93,0.0
1.65537e+18,ShamgahEtemad,0.0
1.65585e+18,jijewar,0.0
1.65596e+18,AmirAnv30321338,0.0
1.65599e+18,siamak_azami,0.0
1.65617e+18,EasternNergal,0.0
1.65638e+18,azadhordis,0.0
1.65642e+18,SteveInmanUIC,0.0
1.65662e+18,Behzadhamrahi,0.0
1.6542e+18,voltaireiran,0.0
1.65772e+18,arghavan402,0.0
1.65777e+18,SimonFrank2023,0.0
1.65778e+18,Mansouram_1,0.0
1.65888e+18,farvahar2023,0.0
1.65909e+18,fosil_,0.0
1.6591e+18,wirgol_,0.0
1.66005e+18,pasargadguard,0.0
1.66032e+18,ChefKhashi,0.0
1.6605e+18,XLOG4RX,0.0
1.65432e+18,Khashayarshah22,0.0
1.65412e+18,iranfreedom45,0.0
1.6615e+18,tym673846523716,0.0
1.65035e+18,siyahosefid990,0.0
1.6488e+18,Pahlavist091339,0.0
1.64931e+18,kkodaei,0.0
1.64946e+18,mersedeh_eye,0.0
1.64965e+18,jnwyr97p5t,0.0
1.64976e+18,faryadeagahi,0.0
1.64982e+18,HazratAadam2,0.0
1.64985e+18,KHOOFHOO,0.0
1.65003e+18,h__bd8,0.0
1.65023e+18,ContextOfidiots,0.0
1.65049e+18,eatashi803,0.0
1.65357e+18,Lightroom999,0.0
1.6505e+18,azadi_abadi_ir,0.0
1.65057e+18,_paria_paria_,0.0
1.65059e+18,blue_eyes_174,0.0
1.65075e+18,erae_gone,0.0
1.65076e+18,salooooch,0.0
1.65116e+18,farahsahdost65,0.0
1.65131e+18,sasan5066461056,0.0
1.65263e+18,Iammariaak,0.0
1.65286e+18,pahlavism149884,0.0
1.6607e+18,Cheshmehvasang,0.0
1.66174e+18,hooshang_a39600,0.0
1.67368e+18,sarayihastam,0.0
1.67115e+18,AICAlliance_,0.0
1.66919e+18,Ausiran_org,0.0
1.66948e+18,vianamyyy,0.0
1.66972e+18,PeymnQolipor,0.0
1.66976e+18,HrNiko99,0.0
1.67058e+18,huuu0oooar,0.0
1.67061e+18,ShawnaAzad2,0.0
1.67064e+18,Utbde_,0.0
1.67092e+18,MomsPostingLs,0.0
1.67093e+18,AthensTavanna,0.0
1.67116e+18,_SC82,0.0
1.66864e+18,DawnAndTheX,0.0
1.67118e+18,GhaysariMo96467,0.0
1.67143e+18,tousheh,0.0
1.67161e+18,nsabbatooom46,0.0
1.67217e+18,NeedForSpeed02,0.0
1.67271e+18,mahsa_300,0.0
1.67292e+18,elaheshake60650,0.0
1.67316e+18,rmayparast,0.0
1.67336e+18,wntrintel,0.0
1.6734e+18,Sakura8080136,0.0
1.66889e+18,Faraz_Rqz,0.0
1.66855e+18,Yaser_Akhtari,0.0
1.66179e+18,the1stkhashayar,0.0
1.66512e+18,noonbarbariii,0.0
1.66179e+18,sona02023,0.0
1.66184e+18,DharmaKarma369,0.0
1.66212e+18,zaki_manso29417,0.0
1.66231e+18,2thplarxin,0.0
1.66242e+18,eb_melika,0.0
1.66247e+18,MarsS895863,0.0
1.663e+18,Iran_revolt14,0.0
1.66401e+18,_houseofliberty,0.0
1.6649e+18,Yoo12212,0.0
1.66512e+18,AbanFamilies,0.0
1.66855e+18,Imanvaez1,0.0
1.66558e+18,Mollaparast,0.0
1.66559e+18,myfootkinbro,0.0
1.66615e+18,simamoradb51053,0.0
1.6664e+18,fuxy_twite,0.0
1.66753e+18,cj_sab00,0.0
1.66756e+18,DagigiS9120,0.0
1.66819e+18,smdshahbakhsh,0.0
1.66843e+18,McGarry1731,0.0
1.66851e+18,fardadshirt,0.0
1.69995e+18,bardyar_,0.0
1.70116e+18,EaglleKurdistan,0.0
1.64805e+18,RojanAzadi2,0.0
1.7473e+18,PourrezaeiVahid,0.0
1.74433e+18,tehran445522,0.0
1.74442e+18,Kernel_Ronin,0.0
1.74513e+18,InternetMiles,0.0
1.74568e+18,jahan_bi_khoda,0.0
1.74579e+18,shekast57t,0.0
1.74645e+18,brmn151301,0.0
1.74656e+18,Mohtashampoone,0.0
1.7472e+18,mirbaluch_,0.0
1.74721e+18,armzozan31,0.0
1.74873e+18,Mersedeh666,0.0
1.74336e+18,adam_hesabi1,0.0
1.75011e+18,akhondkosh_3,0.0
1.75016e+18,PitchforkNo3,0.0
1.75022e+18,dyswn377418,0.0
1.7526e+18,Calling_Parisa,0.0
1.75314e+18,geraldpersian,0.0
1.75557e+18,shouresh284,0.0
1.75707e+18,Katierebel2nd,0.0
1.75709e+18,fireofGod1978,0.0
1.7575e+18,nergalnemesis,0.0
1.74351e+18,minoobanoo9,0.0
1.74284e+18,ghoroobghorbat,0.0
1.7592e+18,YasamanKhodajo,0.0
1.7361e+18,sau312112265020,0.0
1.72967e+18,amgadizeina,0.0
1.73157e+18,Affogato1987,0.0
1.73236e+18,ataeiai,0.0
1.73267e+18,North_Forebilth,0.0
1.73275e+18,zootoxiic,0.0
1.73277e+18,SirAleQtheGreat,0.0
1.73434e+18,A3mooon1,0.0
1.73524e+18,Lavender_F_002,0.0
1.73559e+18,Sia_awer5,0.0
1.73646e+18,Kiansa_Music,0.0
1.7427e+18,tidehaaa,0.0
1.73687e+18,sog_m_y,0.0
1.73772e+18,plasticartman2,0.0
1.73904e+18,JJSUKUNA,0.0
1.73932e+18,maryanamobarez,0.0
1.74048e+18,anticharandiat,0.0
1.74078e+18,NavayePahlavi,0.0
1.74144e+18,TheIslamHub,0.0
1.74171e+18,famp137,0.0
1.7422e+18,Robonass,0.0
1.75768e+18,NewSamawal,0.0
1.75927e+18,bibinkarada,0.0
1.72831e+18,Maarjaun,0.0
1.80469e+18,israelifihther,0.0
1.78824e+18,Pahlavi0211,0.0
1.79242e+18,LucidIran,0.0
1.7925e+18,faryaddarkhafa2,0.0
1.79265e+18,pahlavikhah43,0.0
1.79325e+18,hanaa411448,0.0
1.79438e+18,BearVAK,0.0
1.79468e+18,AFreedomWarrior,0.0
1.79725e+18,OMINA_98,0.0
1.79789e+18,Alex47778556934,0.0
1.80488e+18,BaghanianPiruz,0.0
1.78569e+18,Rast_O_Irani,0.0
1.80561e+18,Behmorrie,0.0
1.80713e+18,_manticore_,0.0
1.81077e+18,2002Kingfox,0.0
1.81439e+18,GeraldAzadikhah,0.0
1.81692e+18,TrumpIranians,0.0
1.81763e+18,shakouri87,0.0
1.82088e+18,Sohrab15740321,0.0
1.82121e+18,MoradiAshg78422,0.0
1.82327e+18,itsmesirenn,0.0
1.786e+18,kosareftekharii,0.0
1.78388e+18,its_only_me06,0.0
1.76006e+18,azarthepersian,0.0
1.76741e+18,seti56705,0.0
1.76018e+18,RusseellAdlleer,0.0
1.76038e+18,kirtopalestine,0.0
1.76043e+18,erteash9,0.0
1.76184e+18,ascendorrope,0.0
1.76354e+18,BarfiiIran,0.0
1.76398e+18,Yasna25iran,0.0
1.76603e+18,superzanl,0.0
1.76614e+18,baviarthur,0.0
1.76625e+18,MissVeronica007,0.0
1.76807e+18,JJToji,0.0
1.78356e+18,ApadanaTel,0.0
1.76938e+18,aatusaa1,0.0
1.76967e+18,Ghjkl13591359,0.0
1.77364e+18,Jz666Mer,0.0
1.77398e+18,JavidShah0000,0.0
1.77659e+18,negaran67,0.0
1.77708e+18,GNforWLF,0.0
1.7773e+18,Celia90008,0.0
1.77875e+18,GM_Mostaghel,0.0
1.78171e+18,tiiimsar,0.0
1.72865e+18,hitasb19,0.0
1.72823e+18,TheNursesofIran,0.0
1.70125e+18,Saeed1991apr,0.0
1.70921e+18,fillarrete,0.0
1.70691e+18,ARYMER_IRAN325,0.0
1.70699e+18,Tinaaa2048,0.0
1.70705e+18,IranOurTemple,0.0
1.70722e+18,nahidsh527641,0.0
1.70764e+18,KathyMobarez,0.0
1.70781e+18,persianoomer,0.0
1.70786e+18,khomeinishit,0.0
1.70853e+18,liloramdohr,0.0
1.70887e+18,NewXmotion,0.0
1.70923e+18,MomeniShabnam,0.0
1.70635e+18,mmaryamm96311,0.0
1.70925e+18,Nohypocrisy_,0.0
1.70931e+18,gohareshghi,0.0
1.70958e+18,AssociatedFress,0.0
1.70967e+18,AsbeNajib,0.0
1.70999e+18,Naazer00,0.0
1.71038e+18,ThEeRossgellerR,0.0
1.71077e+18,DavidDavid44401,0.0
1.7108e+18,Doktor_Babak_3,0.0
1.71097e+18,whatthefawz,0.0
1.70672e+18,MaximReza3,0.0
1.70596e+18,BuyniYgun,0.0
1.71141e+18,ghelichbatman,0.0
1.70333e+18,Reza281207,0.0
1.70125e+18,ITACHIOCHIHA66,0.0
1.70194e+18,Havajegilan,0.0
1.70206e+18,Pinkpanther_gi,0.0
1.70277e+18,mitraasef15015,0.0
1.70315e+18,eyesofsarina,0.0
1.70316e+18,Revealed2023,0.0
1.70318e+18,A_khaki74,0.0
1.70328e+18,mahraha99,0.0
1.70331e+18,Emmanuel831908,0.0
1.70374e+18,NL1358,0.0
1.7055e+18,Jafanrood123,0.0
1.70376e+18,amirkhanbackup,0.0
1.70403e+18,HilDA4535,0.0
1.70426e+18,Avaap812482,0.0
1.7044e+18,Vicinocipresso,0.0
1.70492e+18,Rad6_6_6,0.0
1.70495e+18,navidi49,0.0
1.70512e+18,dashalivafaei,0.0
1.70525e+18,NimaRezaee85098,0.0
1.70542e+18,mhrzyn1984931,0.0
1.71124e+18,THEREALJEW613,0.0
1.71179e+18,ferdo30i,0.0
1.72774e+18,SabriBokht,0.0
1.72434e+18,Mia795806987870,0.0
1.7204e+18,HosseinAshtarii,0.0
1.72053e+18,SorenaPatriot,0.0
1.72103e+18,parva_javid,0.0
1.72129e+18,Farrrsh,0.0
1.72147e+18,RadioEspresso,0.0
1.72152e+18,zamiin_gerdeh,0.0
1.72158e+18,IranFridom,0.0
1.72246e+18,Heyranam08,0.0
1.72275e+18,DavidADaoud,0.0
1.7245e+18,RastVaIrani,0.0
1.72017e+18,AryanRapist1920,0.0
1.72483e+18,anti_dictatoris,0.0
1.72527e+18,ayhan_shms59379,0.0
1.72544e+18,callmer_ya,0.0
1.72631e+18,CooperSasan,0.0
1.72652e+18,pishibia2,0.0
1.72693e+18,mohammadparsi1,0.0
1.72705e+18,foad_choobin,0.0
1.72707e+18,ahora_mazdai,0.0
1.72708e+18,RZareei22382,0.0
1.72038e+18,Rass181818,0.0
1.71939e+18,javane90sale5,0.0
1.7118e+18,Seniori18379849,0.0
1.71367e+18,wrdstn1136156,0.0
1.71196e+18,MehranAzTehrann,0.0
1.71206e+18,rozbeh158202,0.0
1.71214e+18,Arash_ramezani1,0.0
1.71219e+18,HelloMosie,0.0
1.71241e+18,hengamshahidi,0.0
1.71254e+18,DamonHet,0.0
1.71272e+18,toomajam1,0.0
1.71305e+18,MosabHasanYOSEF,0.0
1.71353e+18,NikolayTesla_,0.0
1.71372e+18,MewMiawMeow97,0.0
1.71877e+18,emaeriaeem,0.0
1.71441e+18,ATA_2500,0.0
1.7152e+18,HatIsRed,0.0
1.71583e+18,Pantea_t1,0.0
1.71719e+18,Parsaghobadi123,0.0
1.7176e+18,felfeli1957216,0.0
1.71771e+18,nobodySamyaza,0.0
1.71815e+18,saltiti60,0.0
1.71825e+18,MFshfshh71601,0.0
1.71833e+18,Choobinsan,0.0
1.64865e+18,lzeinabzamanl,0.0
1.64775e+18,mohamadnistam,0.0
1.57769e+18,sayneversay3,0.0
1.59493e+18,JavananIran1,0.0
1.59295e+18,arnaghshbandi,0.0
1.59321e+18,MahMan08,0.0
1.59336e+18,Lilim31504971,0.0
1.5935e+18,DarabBadri,0.0
1.59428e+18,WorldByWolf,0.0
1.59433e+18,zeberry3,0.0
1.5944e+18,makhbawash,0.0
1.59447e+18,solilati,0.0
1.59458e+18,_smiletowine,0.0
1.59499e+18,Esh335C,0.0
1.59282e+18,DokhtarePaeiiiz,0.0
1.59506e+18,Shaya745,0.0
1.59515e+18,ErfInstitute,0.0
1.59612e+18,sinabarandaz,0.0
1.59615e+18,Peroz401939762,0.0
1.59642e+18,GhazalRanjkesh,0.0
1.5969e+18,mostafa81t81,0.0
1.5969e+18,IranRevReport,0.0
1.59691e+18,Sinnerlondon,0.0
1.59694e+18,HyrcaniHRM,0.0
1.59294e+18,sahariraniiii,0.0
1.5926e+18,jinaroosta,0.0
1.59712e+18,iran36900,0.0
1.59103e+18,ayazi_kamran,0.0
1.58951e+18,MahtabShalGard,0.0
1.58967e+18,KhdyjK,0.0
1.58974e+18,animal_king1024,0.0
1.58979e+18,FreeIranPeople1,0.0
1.58995e+18,beni_ta1,0.0
1.58999e+18,Riley_Gaines_,0.0
1.59008e+18,kevinirani20,0.0
1.59023e+18,ZakMountain1,0.0
1.59103e+18,itsgisou,0.0
1.59125e+18,payande_iran3,0.0
1.59241e+18,anushashojai,0.0
1.5914e+18,mahsa_piraei,0.0
1.59152e+18,JenayatNews,0.0
1.59174e+18,lilith965965,0.0
1.59178e+18,sksk808080,0.0
1.59188e+18,yasi_rahimi,0.0
1.59189e+18,Theoristswarn,0.0
1.5919e+18,alasht_Iran,0.0
1.59196e+18,ChayaRaichik10,0.0
1.59237e+18,MFSS06864449,0.0
1.5971e+18,sarahn1361,0.0
1.59753e+18,WydhDrby,0.0
1.58925e+18,maedeb9128,0.0
1.60292e+18,Kouroshvaliam,0.0
1.6015e+18,lmmortal__guard,0.0
1.60151e+18,DamonHetfield,0.0
1.60173e+18,1RedHat,0.0
1.60175e+18,JessieTheJudas,0.0
1.60188e+18,ka_parisa_,0.0
1.60214e+18,IranAzad54321,0.0
1.60257e+18,ImamToosi,0.0
1.60276e+18,RepWilliams,0.0
1.60292e+18,Nahidmmm,0.0
1.60312e+18,SHAH_2582,0.0
1.60125e+18,mid141414,0.0
1.60322e+18,ShahGangsta,0.0
1.60324e+18,SteveL_99,0.0
1.60348e+18,soh362,0.0
1.6036e+18,JoOldooz,0.0
1.60375e+18,javidshah_72,0.0
1.60377e+18,daryadar_iran,0.0
1.60386e+18,mulan752,0.0
1.60398e+18,Iranian_Ava,0.0
1.60487e+18,Rastin_Research,0.0
1.60142e+18,GroupNika,0.0
1.60104e+18,shiriinii,0.0
1.59757e+18,AyatollahOzmaAn,0.0
1.59944e+18,7aban_H,0.0
1.59805e+18,AsHediyeh,0.0
1.59828e+18,Azad15Peyman,0.0
1.5984e+18,Cheshmabi74,0.0
1.59846e+18,GeraldEurope,0.0
1.59848e+18,Marlboro_iran,0.0
1.59859e+18,bachemeymoon,0.0
1.59861e+18,Ziya_Sadr,0.0
1.59874e+18,DokhtareAryan,0.0
1.59916e+18,Maraalxx,0.0
1.59948e+18,Javanehazadi2,0.0
1.60098e+18,kindgirl2022,0.0
1.5995e+18,Ali42879780Ali,0.0
1.59981e+18,iraneman1402s,0.0
1.6001e+18,BehzadAghajani9,0.0
1.60018e+18,Rappunzell212,0.0
1.60055e+18,pirouzimm,0.0
1.60061e+18,GhaediMh2,0.0
1.60061e+18,modire_jang,0.0
1.6009e+18,AtiyeTavakolnia,0.0
1.60097e+18,CatShoshanna,0.0
1.5893e+18,1401_shadow,0.0
1.58917e+18,PIROOZ03361555,0.0
1.60551e+18,JahanBakhsh133,0.0
1.58141e+18,NasserBabakhani,0.0
1.57953e+18,maryan1810,0.0
1.57969e+18,Nik_Mirbat,0.0
1.58024e+18,LiberdadeMulher,0.0
1.58068e+18,NAVlD_,0.0
1.5807e+18,Simorgh_News,0.0
1.58096e+18,BugsBuny90,0.0
1.58105e+18,vanitarmart,0.0
1.58138e+18,swrs22974409,0.0
1.58141e+18,iranenazila,0.0
1.58165e+18,SarvinSabet,0.0
1.57894e+18,Afkham_minus,0.0
1.58168e+18,ftima_rz,0.0
1.58204e+18,its__violet_,0.0
1.58215e+18,GreatIran2023,0.0
1.58221e+18,OmidRos51089052,0.0
1.58233e+18,amir_min1,0.0
1.58235e+18,Vahid_Esfa_Shah,0.0
1.58237e+18,RROODD88,0.0
1.58237e+18,soulinabi,0.0
1.58243e+18,hasanakevazir2,0.0
1.57943e+18,ashk_shadi,0.0
1.57886e+18,shm93107857,0.0
1.58248e+18,ZZANewspaper,0.0
1.57816e+18,mehrdadbkhtiari,0.0
1.57772e+18,sepiedhia,0.0
1.57782e+18,GhahramanHamed,0.0
1.28949e+18,DragonArrives,0.0
1.57792e+18,kave_eng,0.0
1.57807e+18,nasrinkh1343,0.0
1.57811e+18,SIAV4AKHSH,0.0
1.57811e+18,badaam1212,0.0
1.57813e+18,Truth7inspired,0.0
1.57815e+18,iran_misazamat,0.0
1.57817e+18,syrzyn1,0.0
1.5788e+18,Ha100Fa,0.0
1.57821e+18,_ArshiaGerami_,0.0
1.57825e+18,navidlondon031,0.0
1.5783e+18,ShireenMKMA1,0.0
1.57834e+18,NamelessGuts,0.0
1.5784e+18,kooperkooper007,0.0
1.57844e+18,NakedAkhoond,0.0
1.57865e+18,MGhadyanloo,0.0
1.57876e+18,khodanashenas,0.0
1.57878e+18,zane_azadeh1,0.0
1.58246e+18,MPLRQ1,0.0
1.5827e+18,samaniist,0.0
1.58891e+18,M__binesh_00,0.0
1.58739e+18,shahrak_ekbatan,0.0
1.58614e+18,sayajm85,0.0
1.58642e+18,Ramtinfatehi,0.0
1.58642e+18,Shahdad1980p,0.0
1.58645e+18,Peaky_991,0.0
1.58662e+18,7n6qw4mrkb,0.0
1.58678e+18,aboliam33,0.0
1.58685e+18,ToomajArmy,0.0
1.58692e+18,021Tehraan,0.0
1.58705e+18,PrkKian,0.0
1.58745e+18,IliaHashemicom,0.0
1.58581e+18,nastaran8888,0.0
1.58784e+18,freetoomajnow,0.0
1.58785e+18,NikiPatriot,0.0
1.58788e+18,Mamakey98,0.0
1.58814e+18,ShahramMakoui48,0.0
1.58832e+18,EMohbbi,0.0
1.58834e+18,SSoparo,0.0
1.58843e+18,MamaXama15,0.0
1.58846e+18,policenama1401,0.0
1.58874e+18,mozhganmodaress,0.0
1.58594e+18,Pahlavist2582,0.0
1.58539e+18,Hashimoto616,0.0
1.58273e+18,imrnamas,0.0
1.58444e+18,Abraham_jfz,0.0
1.58273e+18,Mahonia72,0.0
1.58288e+18,2May19611,0.0
1.58308e+18,mojtaba87870597,0.0
1.5831e+18,Zapatacousin,0.0
1.58315e+18,hajmaameed,0.0
1.58317e+18,FercheWC,0.0
1.58321e+18,amn83688778,0.0
1.58343e+18,Nasimedegar,0.0
1.58438e+18,3KooH,0.0
1.58448e+18,leonbarandaz3,0.0
1.58528e+18,AfsiRoshi,0.0
1.58452e+18,ShhrwndF,0.0
1.58459e+18,Paeezsahra46,0.0
1.58466e+18,arez198arez,0.0
1.58487e+18,Lordoflor1,0.0
1.58501e+18,disappointedft,0.0
1.58502e+18,1111aphrodite,0.0
1.58507e+18,DrStrangeIR,0.0
1.5851e+18,sherrysh12,0.0
1.58522e+18,Phoenixtrojan,0.0
1.60546e+18,TheAvenger1st,0.0
1.60601e+18,selena_nfrd,0.0
1.64764e+18,kaykhosrow5,0.0
1.63895e+18,Cheekypicky_3,0.0
1.63847e+18,Azadi8757633916,0.0
1.63857e+18,InfantryRegal,0.0
1.63867e+18,Sonofthebeach22,0.0
1.63867e+18,Dadylongleggpv,0.0
1.6387e+18,houman1976,0.0
1.63888e+18,Azadeh1345,0.0
1.6389e+18,hardseltzerr,0.0
1.6389e+18,mard_meshki,0.0
1.63892e+18,Nemo_Regnum,0.0
1.63904e+18,shirdawl_,0.0
1.63832e+18,NegevistIWI,0.0
1.63954e+18,ircfspace,0.0
1.63954e+18,mehrazarafra,0.0
1.63959e+18,ggehhry2,0.0
1.6396e+18,ManaaHastamm,0.0
1.63973e+18,Leila_Arya2,0.0
1.63987e+18,ZSepitman28891,0.0
1.63999e+18,memaaaaar,0.0
1.64002e+18,FXMNDLSN,0.0
1.64005e+18,toomajofficial2,0.0
1.63837e+18,Aryammehr_2,0.0
1.63832e+18,SaiedehSaideh59,0.0
1.64009e+18,Azihastam1,0.0
1.63722e+18,yutab_2023,0.0
1.63448e+18,saveeuropeanciv,0.0
1.63457e+18,LFlore19,0.0
1.63536e+18,mmorfiin3,0.0
1.6357e+18,OSINTNic,0.0
1.63627e+18,david__dahmer,0.0
1.63646e+18,homeyramis,0.0
1.63669e+18,RebbeccaaSatun,0.0
1.63671e+18,alijaneton,0.0
1.63698e+18,riokhosravi,0.0
1.63751e+18,cremieuxrecueil,0.0
1.63827e+18,YasiPatriot,0.0
1.63761e+18,MotG96,0.0
1.63782e+18,angelicunty,0.0
1.63784e+18,parsi27871,0.0
1.63791e+18,Electro04715783,0.0
1.63794e+18,fellows2582,0.0
1.63813e+18,BobChester666,0.0
1.63822e+18,imzara1983,0.0
1.63823e+18,iranjavidann,0.0
1.63824e+18,miladboukani8,0.0
1.64009e+18,AhoraMazda01,0.0
1.64014e+18,khodeshmR,0.0
1.63308e+18,Ehsaaan93,0.0
1.64656e+18,mr_m_salar,0.0
1.64478e+18,JokerIrani1401,0.0
1.64483e+18,SOULN002,0.0
1.64486e+18,tintinsnowy_,0.0
1.64536e+18,PersianGW,0.0
1.6457e+18,Wanheda94353,0.0
1.64575e+18,diyego011,0.0
1.6458e+18,nimasohrabi_,0.0
1.64604e+18,MegabernB66177,0.0
1.64653e+18,beit_Hmikdash,0.0
1.64657e+18,___deyhim__,0.0
1.64406e+18,nerde_dog,0.0
1.64664e+18,mahsah1566,0.0
1.64674e+18,mamad_iran2,0.0
1.64674e+18,ZanoZohal82418,0.0
1.64698e+18,forallofiran,0.0
1.64726e+18,sharroon777,0.0
1.64733e+18,atheistcyrus,0.0
1.64754e+18,z_tondro,0.0
1.64757e+18,sadi21_,0.0
1.64762e+18,kiyarash_ir,0.0
1.6443e+18,hengamehchoobin,0.0
1.64383e+18,muhamad95311702,0.0
1.64038e+18,Mitra_Jashni,0.0
1.6419e+18,bjorkpap,0.0
1.64056e+18,hamalilalin,0.0
1.64083e+18,MehnazM90187604,0.0
1.6409e+18,felfelsiahh2,0.0
1.64095e+18,aryammehr3,0.0
1.64097e+18,Lucinym,0.0
1.64099e+18,vianack22,0.0
1.64106e+18,hamy_76,0.0
1.64173e+18,MaldiniAgent,0.0
1.64174e+18,pirozzzzzzzz,0.0
1.64265e+18,Hunter_of_57s,0.0
1.64375e+18,day19146,0.0
1.64296e+18,Led_Tassov,0.0
1.64308e+18,janamfadaeiran1,0.0
1.64313e+18,khakepatam,0.0
1.64317e+18,anzhelaaryaie,0.0
1.6432e+18,Melligerayan,0.0
1.64327e+18,sarbaz_pahlavi2,0.0
1.64353e+18,Iranian_Ronin,0.0
1.64361e+18,maripahlavi,0.0
1.64372e+18,AzatAlsalim,0.0
1.63316e+18,GolbargHaghgoo,0.0
1.63187e+18,XerxesIran_,0.0
1.60648e+18,Iran_123321,0.0
1.61695e+18,CheNahaara,0.0
1.61501e+18,_af_ra_v,0.0
1.61573e+18,shiganchina2,0.0
1.61614e+18,Pedar_Bozorgggg,0.0
1.61635e+18,lmmortal_guard,0.0
1.61659e+18,Carlos__Khan,0.0
1.61672e+18,llirateirateir5,0.0
1.61673e+18,titan1397,0.0
1.61678e+18,sabz7076,0.0
1.61681e+18,asadola_alam,0.0
1.61714e+18,dragonerdx,0.0
1.61471e+18,amunima,0.0
1.61727e+18,MohammadRnFr,0.0
1.61749e+18,KhabarCheh,0.0
1.61854e+18,haachiiiam,0.0
1.61889e+18,daarooonn,0.0
1.61913e+18,Rezashah1975,0.0
1.61933e+18,Shadnaz79,0.0
1.6196e+18,azadikhahaneir,0.0
1.62015e+18,son_of_Koorosh,0.0
1.62038e+18,ScoopUrban,0.0
1.61496e+18,Salari_goodgirl,0.0
1.6144e+18,f3lf3ly2,0.0
1.62075e+18,xxxwwwji,0.0
1.61166e+18,Mo0hix,0.0
1.60716e+18,IJCollective,0.0
1.6072e+18,torkaman72,0.0
1.60771e+18,SasanChx,0.0
1.60851e+18,IRAN1366613,0.0
1.61093e+18,paanziii,0.0
1.61098e+18,1997_shelbi,0.0
1.61114e+18,RepMillsPress,0.0
1.6115e+18,pishibia,0.0
1.61158e+18,Sepidehsani,0.0
1.61211e+18,abas_boazarr,0.0
1.61425e+18,strawmellii,0.0
1.61212e+18,Yavarmoshirfar,0.0
1.61221e+18,Satiiiia1,0.0
1.61254e+18,Mahdiyc1,0.0
1.61279e+18,maroofian_n,0.0
1.6132e+18,Arash_Army,0.0
1.61367e+18,FarzadadazraF,0.0
1.6139e+18,bibiliiii,0.0
1.6139e+18,Ario1401,0.0
1.61408e+18,i_shezem,0.0
1.62071e+18,Azadeh_Afsahi,0.0
1.6208e+18,jasmine22713516,0.0
1.63186e+18,sapphire18_,0.0
1.62926e+18,kiya_kam,0.0
1.62736e+18,dibanchoodam,0.0
1.62743e+18,RP_Iran_shah,0.0
1.62779e+18,Aylinnn_nnnn,0.0
1.62814e+18,conor1027,0.0
1.62818e+18,Adorno_Persian,0.0
1.6283e+18,Sikholg,0.0
1.62882e+18,blackbird2585,0.0
1.62888e+18,partigiano47,0.0
1.62924e+18,MahdaviLeily,0.0
1.62929e+18,Nick_Alishah,0.0
1.62646e+18,______ALEF_____,0.0
1.63015e+18,greenCamomile,0.0
1.63046e+18,_____ALEF_____,0.0
1.63061e+18,kaVallier34,0.0
1.63086e+18,delusinalpar,0.0
1.63112e+18,0Fa_ba0,0.0
1.63116e+18,WokelyCorrect,0.0
1.63122e+18,IMbeatreas,0.0
1.63129e+18,reptile_fight,0.0
1.63138e+18,KeiEsmaeilpour,0.0
1.62659e+18,SepehrLN,0.0
1.62642e+18,rasshomal,0.0
1.62101e+18,dHungow,0.0
1.6229e+18,Alex29155356,0.0
1.62148e+18,Neptunadastra,0.0
1.62158e+18,freeiranlion,0.0
1.62187e+18,SaeidianZahra,0.0
1.62191e+18,Hasti_805,0.0
1.62195e+18,pedarjun,0.0
1.6221e+18,AMIRAZA06540966,0.0
1.62233e+18,FadaiAsl,0.0
1.62248e+18,sefid__barfiii,0.0
1.62266e+18,majarajo0,0.0
1.62322e+18,Diiyako_ir,0.0
1.62624e+18,MehranKiani13,0.0
1.62343e+18,Santamorte00,0.0
1.6238e+18,Nazaninautumn,0.0
1.62407e+18,MahanMehrabi2,0.0
1.62451e+18,arash_shojaiann,0.0
1.62486e+18,kingmidasekhar,0.0
1.62508e+18,fanitaaa1403,0.0
1.62522e+18,Saeedeh_Shafiei,0.0
1.62523e+18,Milad9891,0.0
1.62622e+18,pouyamazloomi,0.0
1.28997e+18,redracehorse,0.0
1.2871e+18,simin223316966,0.0
1.28897e+18,Bahar00452227,0.0
1437967645.0,DumanRadmehr,0.0
1379391392.0,mbabakordi,0.0
1398139273.0,ElaheBoghrat,0.0
1408312021.0,pouriazeraati,0.0
1408558266.0,amirhoossein78,0.0
1416128503.0,safarazlilipoot,0.0
1416725066.0,shahinnajafi80,0.0
1421082818.0,PardisSabeti,0.0
1431016177.0,KGDOnline,0.0
1435634995.0,PersiaKami,0.0
1448799366.0,dmidvar,0.0
1376687676.0,mostafaa_karimi,0.0
1460339257.0,ToukaNeyestani,0.0
1472488261.0,jimmydeputy,0.0
1492783710.0,Shervinator79,0.0
1494577392.0,ramtin5790asli,0.0
1515956552.0,AmnestyIran,0.0
1526986332.0,irbriefing,0.0
1528104978.0,FatpixelFat,0.0
1583865109.0,Imamofpeace,0.0
1584066241.0,alibozorgian,0.0
1378970222.0,iranwire,0.0
1373720898.0,SinaMihandoost,0.0
1596053533.0,hirbodhuman,0.0
1283461568.0,keithwolahan,0.0
1201045933.0,hosseinbastani,0.0
1201904378.0,YourBelovedDude,0.0
1239655549.0,proudlypersian1,0.0
1240457875.0,FarzadAhmadpour,0.0
1240672056.0,kyodo_official,0.0
1242363361.0,leylabelfi11,0.0
1252857842.0,FardadFarahzad,0.0
1271852322.0,Limportant_fr,0.0
1273698355.0,HRANA_English,0.0
1311480547.0,freeiran_2023,0.0
1371454321.0,FarzanehAghaei,0.0
1316150730.0,NaderSoltanpour,0.0
1322420269.0,i24NEWS_EN,0.0
1323572124.0,TinaFay1978,0.0
1323728246.0,GLNoronha,0.0
1326027540.0,pournazeri,0.0
1347894524.0,AminAkramipour,0.0
1351371042.0,___p___r___,0.0
1353957578.0,gravitywelt,0.0
1354113871.0,MajidKasiri,0.0
1591904150.0,hey_itsmyturn,0.0
1596294391.0,sharagim_zand,0.0
1195954465.0,marketexpertir,0.0
2149491403.0,Arasheshbaa,0.0
1912428248.0,hediekimiaee,0.0
1934767400.0,hastibarb,0.0
1938485509.0,iranianuc,0.0
1953522745.0,radiojibi,0.0
1955124895.0,ElhamOmidvari,0.0
1959507445.0,MrJournaliste,0.0
1967216306.0,StateDeptSpox,0.0
1976143068.0,EmmanuelMacron,0.0
1978200242.0,persian_Tirdad,0.0
2160721947.0,daniel02667,0.0
1905636216.0,DoctorNazarian,0.0
2161051908.0,AvivaKlompas,0.0
2166352618.0,SepehriHamed,0.0
2167976370.0,Sarah_Kazeemi,0.0
2172599869.0,hashemasa,0.0
2176448622.0,sara_masoudy,0.0
2177326935.0,Alighazizade,0.0
2182332444.0,esmaeilion,0.0
2193495339.0,light_on_darks,0.0
2194905277.0,emilyhewertson,0.0
1908627954.0,JasonMBrodsky,0.0
1896699619.0,AtenaDaemi,0.0
1600278877.0,ZinMarAungNUG,0.0
1664731507.0,hillary__vaughn,0.0
1606257278.0,Amir_Thorn,0.0
1616952684.0,aliladjevardi,0.0
1620765565.0,Baharebahhar,0.0
1626059502.0,MitraHejazipour,0.0
1643346506.0,balochcampaign,0.0
1646685096.0,ameensol,0.0
1648719602.0,m_bayatzanjani,0.0
1657780411.0,oaken__shield,0.0
1660909368.0,ManUtd_FA,0.0
1680631610.0,marziyemahmoodi,0.0
1895316878.0,AliEhsassi,0.0
1686270312.0,HenMazzig,0.0
1686668364.0,khansarinia,0.0
1706335075.0,gisouferferi,0.0
1724463450.0,DeepaParent,0.0
1849507512.0,israeliamerican,0.0
1850229792.0,kavehsaraj1,0.0
1857556140.0,amirreiis,0.0
1865344082.0,saogr8,0.0
1882871270.0,MarcMillerVM,0.0
1196864822.0,Nasrinrose1,0.0
1189752218.0,Cilia1919,0.0
2199020853.0,AshleaSimonBF,0.0
621407062.0,nimabir87,0.0
596413983.0,erwin_pyrite,0.0
601176054.0,AmirTaheri4,0.0
608065225.0,MalkahFleisher,0.0
614783844.0,zakaHQ,0.0
617263683.0,kyrixermis,0.0
617873909.0,PingouinHeureux,0.0
619323823.0,baharsp,0.0
619400667.0,HananyaNaftali,0.0
620393146.0,SalmanSima,0.0
622945594.0,mojtabapourbakh,0.0
593100097.0,craigscolorado,0.0
628139384.0,HosseinRonaghi,0.0
630578888.0,KavehGhoreishi,0.0
634339745.0,Yampeleg,0.0
703414475.0,Leilibazargan,0.0
708026257.0,MattieHeaven,0.0
723878358.0,crozwalk,0.0
736855813.0,ZahaakMardoosh,0.0
738333428.0,1000pa2,0.0
740833886.0,PersianWaffle,0.0
596050685.0,CALI4AZ,0.0
592730371.0,JackPosobiec,0.0
755142367.0,ghorubeyek,0.0
559891962.0,TinaGhazimorad,0.0
540087698.0,Konandeh,0.0
540140962.0,Klaus70268175,0.0
540458181.0,nickdixoncomic,0.0
541125768.0,edleonklinger,0.0
542347917.0,Javanmardi75,0.0
543032047.0,IRAJMILANI_TW,0.0
545293473.0,farshidbabaei18,0.0
555234735.0,FareenAssemi,0.0
557396412.0,wolf_sea_,0.0
567528749.0,farhads95,0.0
592122714.0,KarmelMelamed,0.0
569352569.0,EdvinFarhadG,0.0
570018183.0,europarlAV,0.0
570737752.0,parsia_kazmi,0.0
580956087.0,SJA461,0.0
583634818.0,6ernestoamin6,0.0
584376633.0,VATANDOOST54,0.0
586053229.0,ElendaTimaj,0.0
586291040.0,AuschwitzMuseum,0.0
587281555.0,NaeimehDoustdar,0.0
753128432.0,Rsheermohammadi,0.0
759913021.0,darushmemar,0.0
1189524954.0,Sheina__,0.0
1078042598.0,MPPregent,0.0
993630523.0,Nima__Nikjoo,0.0
1009357110.0,isarpishan,0.0
1012443708.0,orenbarsky,0.0
1027813969.0,Safiaa_Nazari,0.0
1032558697.0,Parshang11,0.0
1034477790.0,siamakrahmani2,0.0
1063489842.0,S0CI0L0GISTSAM,0.0
1070230291.0,golnar_sharifii,0.0
1074480192.0,SenTedCruz,0.0
1080647556.0,adam_hesabi,0.0
979050684.0,Arsam_69,0.0
1084271022.0,saharmeshksar,0.0
1089998124.0,abierkhatib,0.0
1103448882.0,DrMRReza,0.0
1113100093.0,SGhasseminejad,0.0
1125255000.0,manakibros,0.0
1131917492.0,JudiciaryGOP,0.0
1145806178.0,mhnajmi64,0.0
1170087800.0,2rni3a_ezm,0.0
1173898058.0,MohamadiniaAli,0.0
981134408.0,mohammadsoltann,0.0
972611156.0,yaamaashitaa,0.0
774362214.0,DelbarTavakoli,0.0
856691635.0,TavaanaTech,0.0
774576972.0,ShahinModarres,0.0
780787484.0,tastefullysaucy,0.0
817403221.0,euronews_pe,0.0
828914851.0,ahmdakk,0.0
832035949.0,gghamari,0.0
833673914.0,michaelgwaltz,0.0
835992487.0,elinashirazi,0.0
842330377.0,bashirtash,0.0
851763438.0,sleepy_joe1,0.0
860332880.0,amin1917,0.0
970229532.0,MirabelleW18,0.0
875364810.0,mk_irani,0.0
909512912.0,FattahiFarzad,0.0
913063519.0,vakilroaya,0.0
918412532.0,whoisfarhad,0.0
928581456.0,GilaGamliel,0.0
933149324.0,chavoshi1,0.0
961897332.0,mahyarq,0.0
964998500.0,miladalavii,0.0
968650362.0,SenTomCotton,0.0
2198382318.0,arash_rah,0.0
2203267723.0,gholamhoseiny,0.0
535336909.0,ArdavanMofid,0.0
3012536404.0,joyfulbedbug,0.0
2951606220.0,jilamostajer,0.0
2955611162.0,shahnazali_ali,0.0
2960042892.0,Ivar_lathbrug2,0.0
2971069279.0,ItsNoOshabe,0.0
2991576965.0,saraapoor,0.0
2992455768.0,AbdugheniSabit,0.0
2997699345.0,KamranMalekpour,0.0
3001858353.0,SeyedArmani,0.0
3006348240.0,JoeTruzman,0.0
3053731489.0,avraham_nir,0.0
2950042619.0,Sashtyani,0.0
3062906803.0,sorush_ab,0.0
3070942499.0,HassanRonaghi,0.0
3071626218.0,behaazin,0.0
3083953337.0,saidhsp,0.0
3118720037.0,SedayeBsedaee,0.0
3123016344.0,BardiaMousavi_,0.0
3134651737.0,homaydard,0.0
3135844871.0,proximaton,0.0
3136288799.0,AYarahamadi,0.0
2951277580.0,Farivarkharabat,0.0
2946300174.0,yairlapid,0.0
3145728307.0,goodbadatusa,0.0
2894661244.0,MrHiccup42,0.0
2856787757.0,SenJoniErnst,0.0
2865656340.0,ItsDecado,0.0
2871004738.0,PanteaPeyvandi,0.0
2871405720.0,IntelliTimes,0.0
2876917115.0,persona7even7,0.0
2880366888.0,hesamorouji,0.0
2880839427.0,Navid3m,0.0
2884044251.0,Ghazzallz,0.0
2887580215.0,ak_ar3hi,0.0
2901846037.0,Eretz_Nehederet,0.0
2942614180.0,MH_FREE_IRAN,0.0
2906216146.0,mabi182,0.0
2910544868.0,Sherrichita,0.0
2916680884.0,ILoveIran_,0.0
2921501520.0,truskesadeghi,0.0
2930114046.0,behtarin1760,0.0
2930578640.0,inbarspace,0.0
2934403896.0,FreddiePatriot,0.0
2937142730.0,AliKalaei62,0.0
2942360981.0,b_shirmardi,0.0
3143104256.0,Israelkicksass,0.0
3145802856.0,ShokriaSameem,0.0
2835451658.0,MrAndyNgo,0.0
3429427779.0,khosrowsb,0.0
3355536909.0,Hordood,0.0
3369967613.0,renenbaum,0.0
3376384187.0,shehramelyasi51,0.0
3391156168.0,zargar1982,0.0
3391179035.0,kaukavat,0.0
3397477355.0,Ex_Muslimm,0.0
3414505683.0,IHRights,0.0
3421599215.0,Radioferferi,0.0
3424728015.0,expatsunleashed,0.0
3590077277.0,iranhrs99,0.0
3347300099.0,adameaval,0.0
3609078502.0,tovaherskovitz,0.0
3616678939.0,faezehabdipour,0.0
3823943241.0,fatemehheydari8,0.0
3845454017.0,Sadiography,0.0
3851000734.0,AminAnvary,0.0
4005388937.0,FaridehShahgoli,0.0
4075582205.0,abdolah_abdi,0.0
4105891150.0,jilavis,0.0
4129090039.0,DearSoodi,0.0
3352622686.0,monaborzouei,0.0
3341492770.0,moyashkalaf,0.0
3154244632.0,habibi_uk,0.0
3255215282.0,davidmdraiman,0.0
3161558040.0,SaamGivrad,0.0
3164609911.0,AliEbrahimzade_,0.0
3164924710.0,TonyFreeman2015,0.0
3167076164.0,payaminekoo,0.0
3189754680.0,merlin_a_h,0.0
3230939541.0,Silmaethdante,0.0
3236635215.0,PejmanMousavi,0.0
3237741079.0,LostWeapons,0.0
3252582144.0,saly_121,0.0
3269273666.0,jannatkhah_ir,0.0
3309035576.0,Golishoon,0.0
3278531995.0,israelipm_farsi,0.0
3279246488.0,HadiZonouzi,0.0
3296026530.0,YEKIazYEKI,0.0
3297474789.0,MasihExperience,0.0
3297594548.0,masoudkazemi81,0.0
3297632319.0,mehrodadm,0.0
3298497218.0,AmmarMaleki,0.0
3301947536.0,inventor_kevin,0.0
3302486951.0,israel_advocacy,0.0
2850594323.0,MJ_Akbarin,0.0
2831908699.0,Azadeh_Moshiri,0.0
2209340905.0,McSaturday7,0.0
2387672676.0,RahamimoffTamar,0.0
2351909388.0,HanifJazayeri,0.0
2356041844.0,BbcDariush,0.0
2364164407.0,KasraAarabi,0.0
2373174403.0,EretzIsrael,0.0
2377612094.0,KayhanLondon,0.0
2378039176.0,arashcml,0.0
2378839566.0,AdelTalebi,0.0
2383455180.0,shooresh57,0.0
2386350236.0,thestevennabil,0.0
2412738884.0,SundayFutures,0.0
2331584635.0,Digiato,0.0
2414979296.0,siamakfarid,0.0
2417586104.0,SebGorka,0.0
2418896652.0,mahshciv,0.0
2418945582.0,BlueJakk,0.0
2423038272.0,GTA6Intel,0.0
2423392771.0,Krawallstein,0.0
2424418705.0,NUFDIran,0.0
2427113856.0,iAmAshkanRahimi,0.0
2435148192.0,ArminTsp,0.0
2348492714.0,inlakech77,0.0
2330215110.0,nasrinraj,0.0
2438498226.0,EtemadOnline,0.0
2260688268.0,MasoodMasjoody,0.0
2214100350.0,4rd1t1,0.0
2219480202.0,LaadKalus,0.0
2224624381.0,vinicheh,0.0
2230288177.0,foster_spar,0.0
2233404235.0,jalovemila,0.0
2236589471.0,heminhawrami,0.0
2241707204.0,ahmadrezaaei,0.0
2244243253.0,DrRebin93,0.0
2254982313.0,_noghteh,0.0
2265794169.0,RBehrouzDO,0.0
2324997597.0,MosalaeiHomeira,0.0
2269814823.0,oshtb,0.0
2271666241.0,ErfanUND,0.0
2280161403.0,Mohamma_aad,0.0
2293023016.0,LocallAndia,0.0
2300535848.0,monfared6,0.0
2313967902.0,KambizGhafouri,0.0
2314094473.0,tonddarr,0.0
2320519958.0,DietmarBartsch,0.0
2322846787.0,AmirMiresmaeili,0.0
2435620488.0,AzadeMokhtari,0.0
2442235959.0,AyatollaBoJiden,0.0
2831569527.0,Shayaniism,0.0
2764169126.0,masoud_bazmara,0.0
2693264754.0,reza_hamouleh,0.0
2704421318.0,antisemitism,0.0
2714031800.0,NorthWestFOI,0.0
2714357858.0,Jael7102,0.0
2731248600.0,alexi_lalass,0.0
2744064398.0,MaryamMoqaddam,0.0
2744823798.0,Tiredgnat,0.0
2759350759.0,Craneosaurskya,0.0
2762279140.0,sadsark,0.0
2766340924.0,amirmoghadam_ir,0.0
2650464768.0,TOIAlerts,0.0
2778437004.0,zahraa_hajii,0.0
2782254822.0,JewishMCR,0.0
2792649947.0,nioscha1,0.0
2800216425.0,TheChelseaForum,0.0
2801472864.0,nasim_khoshdel,0.0
2804605933.0,PnMd1982,0.0
2820866529.0,RKOTOfficial,0.0
2829571723.0,khademinaryyyy,0.0
2831333656.0,ShelerHaghani,0.0
2651688830.0,Behrouzjt,0.0
2643010852.0,arizenevis,0.0
2442464718.0,Avajahangiri,0.0
2529834984.0,a_baby_hamster,0.0
2447969488.0,DarvishM20,0.0
2448586596.0,RezaSensourfree,0.0
2459966323.0,Qorabam,0.0
2460678915.0,tabanejad,0.0
2463622908.0,SylviaPearl2,0.0
2468209243.0,Aghaye_V_,0.0
2473622660.0,farhadge,0.0
2481618301.0,justresearcher,0.0
2497923974.0,hmlt33,0.0
2555010592.0,aalchaa,0.0
2615173525.0,SGhanbarpour,0.0
2572588962.0,FreeMajidKazemi,0.0
2572902906.0,vahid__bahman,0.0
2581408111.0,SunLight__White,0.0
2584412810.0,ali_afrasiab,0.0
2588429818.0,DanyaliHamed,0.0
2592412147.0,fardad200,0.0
2598011401.0,Zebr4a,0.0
2601628980.0,miladpoureisa,0.0
2613396403.0,ForEveryBd,0.0
537709549.0,LauraLoomer,0.0
532379335.0,shahriyarkf,0.0
4159973201.0,MinionLn,0.0
47536841.0,CanuckRock,0.0
46628064.0,behaak,0.0
46919036.0,memarsadeghi,0.0
47126544.0,burkov,0.0
47133511.0,dahri9,0.0
47214407.0,DrSeldon,0.0
47399105.0,sepahani,0.0
47421258.0,Golshifteh,0.0
47448563.0,VOAfarsi,0.0
47481067.0,biabeshno,0.0
47635420.0,ICHRI,0.0
46287159.0,AkkasNabashi,0.0
47696206.0,purgat,0.0
47705769.0,Najibnaik,0.0
47722134.0,LisaDaftari,0.0
47731642.0,yatok,0.0
47737851.0,haniph_a,0.0
47749263.0,hambastegi,0.0
47776285.0,hashymashy,0.0
47828347.0,beotatpt13,0.0
47891723.0,besmaili,0.0
46482865.0,beehnam,0.0
45243719.0,JustLuai,0.0
48010302.0,joel_rayburn,0.0
38385927.0,NarimanGharib,0.0
35678871.0,babakazar,0.0
36992738.0,Rtaghizade,0.0
37196329.0,iranhr,0.0
37241514.0,moein_kh,0.0
37413528.0,Parpanchi,0.0
37535548.0,WalidPhares,0.0
37729540.0,Erfanmusic,0.0
38154763.0,PahlaviReza,0.0
38220732.0,TaraMedric,0.0
38506813.0,NickSotoudeh,0.0
45227065.0,farzad_az,0.0
40501660.0,max_power73,0.0
40535534.0,NazaninBoniadi,0.0
41084386.0,omid9,0.0
41370439.0,amnestyitalia,0.0
41778159.0,geertwilderspvv,0.0
43051330.0,Sativa888,0.0
43510607.0,anitavandenbeld,0.0
44196397.0,elonmusk,0.0
45167431.0,patrickbetdavid,0.0
47927277.0,No_censure_,0.0
48113576.0,Vahid_Beheshti,0.0
35051819.0,nickbot21,0.0
53830530.0,phouzhan,0.0
51244775.0,JaneBasiji_Ga,0.0
51434437.0,naderifar,0.0
51483738.0,rostockwahl,0.0
51484630.0,shamidartii,0.0
52425236.0,abornaei,0.0
52444859.0,justchangingun,0.0
52660746.0,Israel,0.0
52787936.0,spoilers2nd,0.0
53341507.0,Roodabeh_,0.0
54301390.0,simonwiesenthal,0.0
50635701.0,freeman010,0.0
54631666.0,sabakhoie,0.0
54700101.0,MaryBanihashemi,0.0
56356173.0,TheGreatCyrusII,0.0
56782682.0,nixonfoundation,0.0
57291646.0,iSegaro,0.0
57730041.0,HarrietSergeant,0.0
58271532.0,persianbanoo,0.0
60066557.0,navidmohebbi,0.0
61047667.0,MetroBoomin,0.0
50998739.0,adoniat,0.0
50516018.0,fereshtehgilaki,0.0
48177630.0,BPUnion,0.0
49127938.0,arixolin,0.0
48187231.0,RaminBIKHODA,0.0
48209591.0,Lady_Verta,0.0
48252327.0,mdubowitz,0.0
48257148.0,pedha,0.0
48534361.0,Raminagha,0.0
48643614.0,LawdanBazargan,0.0
48765219.0,maramezani,0.0
48865797.0,potkazar,0.0
49050185.0,hrkamyar,0.0
49258147.0,arashdre21,0.0
50487904.0,iraneazad1,0.0
49315363.0,MMehran,0.0
49384084.0,MahyarTousi,0.0
49426717.0,shabgahi,0.0
49506513.0,Ardeshirz,0.0
49554665.0,ShahedAlavi,0.0
49557520.0,Askharfeldman,0.0
49592004.0,channeldraw,0.0
50299231.0,irandaratash,0.0
50415433.0,aboozarrrr,0.0
35067843.0,iranbaan,0.0
34686274.0,Dalia4Congress,0.0
63273943.0,YLShyn,0.0
16523905.0,robbystarbuck,0.0
15669672.0,PamelaGeller,0.0
15745368.0,marcorubio,0.0
15912890.0,Ayaan,0.0
15930061.0,HilzFuld,0.0
16102208.0,Local12,0.0
16192197.0,UANI,0.0
16274802.0,m_pourmohsen,0.0
16314859.0,StandWithUs,0.0
16465385.0,NobelPrize,0.0
16671007.0,michaeldickson,0.0
15143478.0,RichardDawkins,0.0
16705767.0,solysolz,0.0
16912915.0,nikahang,0.0
17005368.0,RabbiShmuley,0.0
17061263.0,netanyahu,0.0
17062358.0,krishgm,0.0
17068970.0,dorbar,0.0
17469289.0,nypost,0.0
17783532.0,msaremif,0.0
17814635.0,IsraelinNewYork,0.0
15212187.0,bennyjohnson,0.0
14713427.0,Skasher,0.0
18055418.0,Mehrnoosh,0.0
7587032.0,SkyNews,0.0
788524.0,guardiannews,0.0
790728.0,bbcpersian,0.0
1367531.0,FoxNews,0.0
2172631.0,nimania,0.0
4782551.0,Vahid,0.0
5402612.0,BBCBreaking,0.0
5941722.0,Elnaazmohammadi,0.0
6135642.0,dw_persian,0.0
6890412.0,WorriedEric,0.0
8161232.0,richardbranson,0.0
14600723.0,qorashi,0.0
11744152.0,yashar,0.0
11790882.0,mersen,0.0
12193402.0,shaig,0.0
13218102.0,JohnCornyn,0.0
13382052.0,catalintenita,0.0
14077382.0,JamesCleverly,0.0
14092789.0,griswold,0.0
14216661.0,nationalpost,0.0
14569869.0,Channel4News,0.0
17877490.0,yoavkaufman,0.0
18086120.0,javadch,0.0
34476263.0,Efune,0.0
28299819.0,noatishby,0.0
23446898.0,paulrubens,0.0
25033880.0,AkhoondeMorde,0.0
25073877.0,realDonaldTrump,0.0
25227444.0,melaniejoly,0.0
25508510.0,truthandfiction,0.0
25667195.0,bozorgmehr,0.0
27955781.0,Firouz_Naderi,0.0
28066831.0,sinavaliollah,0.0
28096877.0,DuncanGray,0.0
28428829.0,tsoofbaror,0.0
22495731.0,AlArabiya_Fa,0.0
28492660.0,JachnunEmpire,0.0
29016548.0,GEsfandiari,0.0
30216513.0,BradSherman,0.0
31064165.0,Fxhedgers,0.0
33608041.0,ksorbs,0.0
34209496.0,manototv,0.0
34332516.0,KavehMadani,0.0
34361668.0,mhdiata,0.0
34367582.0,TimRunsHisMouth,0.0
22703645.0,TuckerCarlson,0.0
22434517.0,HillelNeuer,0.0
18213483.0,amnesty,0.0
19338927.0,MorganOrtagus,0.0
18216618.0,Michael_Lipin,0.0
18300931.0,kasey909,0.0
18336608.0,mollah,0.0
18409325.0,SamRasoulpour,0.0
18576537.0,IDF,0.0
18760840.0,hurryupharry,0.0
18809354.0,AviKaner,0.0
19002586.0,Goftaniha,0.0
19017675.0,Nigel_Farage,0.0
19341389.0,IndexCensorship,0.0
21866939.0,itvnews,0.0
19489239.0,Jerusalem_Post,0.0
19636350.0,kayvanabbassi,0.0
19863176.0,RohitKachrooITV,0.0
19899606.0,DVATW,0.0
19919875.0,kambizhosseini,0.0
20668842.0,blondisecret,0.0
20711586.0,GlobalBC,0.0
21439144.0,KTHopkins,0.0
21614316.0,unandu_,0.0
62855930.0,amiretemadi,0.0
65473297.0,King__Mark,0.0
523746267.0,akvanian,0.0
334036057.0,HBrandstaetter,0.0
318492642.0,senateur61,0.0
318653354.0,chelseahartisme,0.0
320191210.0,moviizz,0.0
323444570.0,ARMiranF1,0.0
324919871.0,ASN83,0.0
325629203.0,afromike76,0.0
328106613.0,raviagrawal3,0.0
329600358.0,aliboskabady,0.0
331339782.0,maspersian2,0.0
334161563.0,mamadporii,0.0
313890182.0,caoilfhionnanna,0.0
334581700.0,J_L__Seagull,0.0
336662190.0,KevinVuongMP,0.0
337808606.0,RobertKennedyJr,0.0
338949202.0,HosseiniRouzbeh,0.0
342181234.0,AgnesCallamard,0.0
348732757.0,YossiGoldstein8,0.0
351120282.0,Ostrov_A,0.0
353536835.0,Mpmaziyar,0.0
367154974.0,how_shani,0.0
317177251.0,simonederayeh,0.0
311724429.0,sarahraviani,0.0
372113766.0,GFakhari,0.0
283386225.0,ofirgendelman,0.0
255386398.0,hatefmotahhary,0.0
256221937.0,lukas_hammer,0.0
259772575.0,brjas2OO2,0.0
263357100.0,20RAPcom,0.0
272729455.0,lisa_loo_who,0.0
279032698.0,Siamak_Aram,0.0
279454590.0,AsaadHannaa,0.0
282324916.0,benn50,0.0
282659328.0,NeriaKraus,0.0
292852230.0,AlirezaStewie,0.0
308991012.0,Sarah_Wyss,0.0
292929271.0,charliekirk11,0.0
296021844.0,skamalinia,0.0
296625287.0,MessageFromLen,0.0
299180876.0,MedFacts101,0.0
299416026.0,BenWeinthal,0.0
306132454.0,tirimirii,0.0
307063886.0,FSeifikaran,0.0
307297819.0,farzad_bayan,0.0
307548068.0,Soroush_Pa,0.0
371317839.0,MonfaredAshkan,0.0
374712154.0,TRobinsonNewEra,0.0
255073754.0,tootfaranghi,0.0
476691303.0,Chris_Irani,0.0
458008892.0,EylonALevy,0.0
461478172.0,SepiBordian,0.0
462103635.0,JFSteinfeld,0.0
470213087.0,hs_maryam,0.0
470388164.0,DDSBobby,0.0
472774081.0,AbdullahMohtadi,0.0
472897022.0,humanrightsir1,0.0
475317365.0,SasanAmjadi,0.0
476618879.0,LalehBazargan,0.0
477934944.0,emilykschrader,0.0
455264233.0,GoldingBF,0.0
478899745.0,AvandFardi,0.0
480737104.0,HamedTabaar,0.0
488772327.0,AlirezaNader,0.0
494247906.0,MRYAZDAN,0.0
501942686.0,nooshabehamiri1,0.0
504656524.0,kafka2323,0.0
518873688.0,SedSia,0.0
519732224.0,Raafegh,0.0
520879927.0,Mooniter,0.0
456965969.0,tishtrya,0.0
452493137.0,OSO_Arash,0.0
375050232.0,feyzaltun,0.0
406666451.0,AshkanFadaei,0.0
376412378.0,HFXforum,0.0
381071318.0,liorsela,0.0
384481891.0,Sasan_n,0.0
391245309.0,NightmareLand07,0.0
391684654.0,belonde_bald,0.0
395303368.0,talhagin,0.0
396148839.0,mehmoh89,0.0
398752046.0,StewGlobal,0.0
406527960.0,amjadt25,0.0
407476218.0,Schahrzad_b,0.0
449588356.0,Kasparov63,0.0
410326865.0,HaniBouraghi,0.0
410718052.0,ManotoNews,0.0
419520517.0,DouglasKMurray,0.0
419714770.0,pepero_123,0.0
423924903.0,artahermes,0.0
431867570.0,arash_sobhani,0.0
437780037.0,abdorezaahmadi,0.0
442737538.0,john_lucckk,0.0
448400938.0,Hamed_Gholami,0.0
255123190.0,phoenix_memoir,0.0
255040592.0,Nervana_1,0.0
66475556.0,meisam_empty,0.0
106492441.0,HiRezTheRapper,0.0
97320648.0,eghbaleghbali,0.0
97323571.0,behnamahz,0.0
97523590.0,nejatbahrami,0.0
97650151.0,iM4n_,0.0
97914276.0,hra_news,0.0
100798716.0,DamonMacWilson,0.0
103065157.0,David_Cameron,0.0
104228543.0,NatalieAmiri,0.0
104256824.0,JakeWSimons,0.0
110482636.0,JComm_NewsFeeds,0.0
96951983.0,nikita5658jh,0.0
112684779.0,DaveAtherton20,0.0
113480647.0,PersianGodless,0.0
114060003.0,SallyMayweather,0.0
116502194.0,globalnews,0.0
116579971.0,GadSaad,0.0
118756393.0,AmbJohnBolton,0.0
131538331.0,Kredo0,0.0
135962891.0,NazaninAJ,0.0
136607541.0,p1j22,0.0
97054224.0,OzraeliAvi,0.0
95521017.0,Amoo_Sibiloo,0.0
139879462.0,SalomeSeyednia,0.0
78523300.0,RealJamesWoods,0.0
66967746.0,metpoliceuk,0.0
73387846.0,eacarer,0.0
73937639.0,afshineemrani,0.0
74453123.0,LaVanguardia,0.0
75055396.0,tameryazar,0.0
75343905.0,calvinrobinson,0.0
75861029.0,lilia_Trumpgirl,0.0
76172541.0,MilaDnu,0.0
76288120.0,ghazalasg,0.0
82576359.0,kaveh_shirzad,0.0
95092020.0,jordanbpeterson,0.0
83148068.0,CarlosSimancas,0.0
83435676.0,UNWatch,0.0
83733620.0,alivalizadeh,0.0
87474763.0,roozbehmon,0.0
87818409.0,guardian,0.0
88389777.0,Haghaie,0.0
91242401.0,kaveh_hdyt,0.0
91416107.0,OliLondonTV,0.0
93249858.0,KambizSafaie,0.0
138632648.0,unrulified,0.0
140051163.0,thijsreuten,0.0
254086746.0,AlirezaAkhondi,0.0
226928166.0,IsraelPersian,0.0
201712307.0,Chantal21X,0.0
204930520.0,KillBillLMAO,0.0
206427431.0,MahdyarAghajani,0.0
208488600.0,faridsafajoo,0.0
214908555.0,afagerbakke,0.0
216299334.0,piersmorgan,0.0
218813393.0,Beheshtehr,0.0
219819371.0,ShahbanouFarah,0.0
222187991.0,kshahrooz,0.0
228855988.0,Shabnam283,0.0
199325291.0,NazaninNour,0.0
229966028.0,SenMarcoRubio,0.0
231069949.0,EllieCohanim,0.0
231653036.0,JSchanzer,0.0
233250618.0,Soheilkhan,0.0
237695510.0,IsraelArabic,0.0
241204643.0,MichaelRapaport,0.0
249916079.0,CENTCOMFarsi,0.0
251633354.0,USABehFarsi,0.0
253420850.0,Ladynimeshab,0.0
200610477.0,legallybrief,0.0
198324192.0,Rol3erto,0.0
141084952.0,IsraeliPM,0.0
168176682.0,andfogle,0.0
142230509.0,ShekarrrPanirrr,0.0
142772512.0,Tavaana,0.0
143373762.0,MehdiMMJ,0.0
150750678.0,spegah,0.0
157376427.0,souzangar,0.0
157644107.0,SCloudman,0.0
160940788.0,ehsan_soltani,0.0
162703340.0,MiraNassiri,0.0
167307876.0,nazanin7,0.0
169179541.0,mamlekate,0.0
196952741.0,ivannkaramazof,0.0
169871593.0,alone_anarchist,0.0
171200086.0,netvand,0.0
173247574.0,nahademardomi,0.0
181198159.0,HichkasOfficial,0.0
186037135.0,RonEng1ish,0.0
187214305.0,omorogiec,0.0
187615843.0,mahistan,0.0
191167764.0,BillboardChris,0.0
195853497.0,EuropeInvasionn,0.0
4148884994.0,nazaninmorabba,0.0
4188202324.0,__li_i__,0.0
1.28896e+18,PokiRae_,0.0
1.1015e+18,SoshiyanZarrin,0.0
1.09071e+18,Shookarane,0.0
1.09089e+18,Zir_O_Rou,0.0
1.09201e+18,2EXPvZWQ7LLPX4P,0.0
1.09306e+18,tierraElibertad,0.0
1.09333e+18,AdrianCalamel,0.0
1.09446e+18,thesittinggav,0.0
1.09474e+18,CrimeLdn,0.0
1.09645e+18,lila2052,0.0
1.09933e+18,hadimehrane1,0.0
1.10224e+18,Aghabgard,0.0
1.09051e+18,_Rainy_Boi,0.0
1.10624e+18,moh53n_fa,0.0
1.10679e+18,infiniite_space,0.0
1.10703e+18,ghomaarbaazz,0.0
1.10718e+18,n00rpahlavi,0.0
1.10726e+18,ZoroastersChild,0.0
1.10916e+18,MeghUpdates,0.0
1.10941e+18,khorafatkade,0.0
1.11057e+18,ssdmanz,0.0
1.11061e+18,seyedmohammadww,0.0
1.09053e+18,MrOblomof,0.0
1.09031e+18,1makisf,0.0
1.11285e+18,shino_sdch,0.0
1.0827e+18,fcpii_official,0.0
1.07589e+18,negannegan55,0.0
1.07815e+18,2ndravanparish,0.0
1.07836e+18,RepColinAllred,0.0
1.07858e+18,MasIoob,0.0
1.07946e+18,borhanimohsen1,0.0
1.07965e+18,farazpartoei,0.0
1.07978e+18,NikkiHaley,0.0
1.08024e+18,Nashville932,0.0
1.08177e+18,Ali63164295,0.0
1.08381e+18,MrWinMarshall,0.0
1.09016e+18,james_bidin,0.0
1.08463e+18,MohammadSigari,0.0
1.08666e+18,suspended2019,0.0
1.08782e+18,safa8863,0.0
1.08812e+18,masen2559,0.0
1.0883e+18,AussieInspector,0.0
1.08855e+18,k63157132,0.0
1.08859e+18,Fareydunfarrokh,0.0
1.08893e+18,Hengaw_English,0.0
1.08911e+18,GheshlaghiAidin,0.0
1.111e+18,hadiisii,0.0
1.11314e+18,joia_isaac,0.0
1.07459e+18,Leadsoldier3,0.0
1.15474e+18,rayehe_rabi,0.0
1.14364e+18,Kamangir_133,0.0
1.14728e+18,hosseyn1988,0.0
1.1492e+18,HedayatiMe,0.0
1.14922e+18,GolestanParsa,0.0
1.14932e+18,PDKIfarsi,0.0
1.14979e+18,shazde777,0.0
1.15072e+18,Morteza_Sorkh1,0.0
1.1522e+18,mehd_ban,0.0
1.15455e+18,Arrested_voice,0.0
1.15483e+18,ebrahimi_mazyar,0.0
1.14108e+18,HertfordshireI,0.0
1.15507e+18,dahraaab,0.0
1.15663e+18,taj_taj5,0.0
1.15713e+18,J74wb,0.0
1.15736e+18,Ahmad_12jr,0.0
1.1577e+18,Nabialsareghin,0.0
1.1609e+18,TheLordChung,0.0
1.16222e+18,PatrickBWeiler,0.0
1.16285e+18,omidvivo,0.0
1.16399e+18,mikepompeo,0.0
1.14216e+18,laurapalmerirl,0.0
1.1393e+18,Nikoo_Golabaton,0.0
1.11384e+18,aria_ultras,0.0
1.12329e+18,MEHDII2023II,0.0
1.11439e+18,pirezanhafhafo,0.0
1.11686e+18,NahidGhani,0.0
1.11721e+18,VividProwess,0.0
1.11816e+18,bahmanparskian,0.0
1.11851e+18,Victorious_20,0.0
1.12038e+18,RahaeeNews,0.0
1.12074e+18,JawedAKargar,0.0
1.12111e+18,SenateForeign,0.0
1.12204e+18,Chamroshirani,0.0
1.12647e+18,JimmyRahmati,0.0
1.13888e+18,dokhtareatash1,0.0
1.13057e+18,ANITABAKT,0.0
1.13187e+18,MoHa78MmaD,0.0
1.13293e+18,zhina2019,0.0
1.13351e+18,DrewPavlou,0.0
1.13412e+18,Salwan_Momika1,0.0
1.13477e+18,Fr_Bechieau,0.0
1.13528e+18,doosimusic,0.0
1.13737e+18,faRiBa_8,0.0
1.13802e+18,CxZIVhIksbFcr37,0.0
1.07467e+18,Amooamirkhan,0.0
1.07457e+18,FarhadiIvar,0.0
1.16698e+18,Illwill________,0.0
1.03768e+18,sunshine_h2018,0.0
1.02921e+18,infintymind,0.0
1.02935e+18,IranNovinParty,0.0
1.03153e+18,FarinAylin,0.0
1.03292e+18,iranhrs_en,0.0
1.03311e+18,HrrGhostWriter,0.0
1.03418e+18,kavarama1,0.0
1.03565e+18,6njeli,0.0
1.03613e+18,golli_nmrk,0.0
1.03632e+18,ali_mp2018,0.0
1.04016e+18,n_roettgen,0.0
1.02779e+18,amir41355273,0.0
1.04033e+18,Benil_da,0.0
1.04044e+18,BeJooneTo,0.0
1.04065e+18,UScharlottt,0.0
1.04097e+18,HegeI_javan,0.0
1.04103e+18,hirshsaidian,0.0
1.04163e+18,iraan_land,0.0
1.04167e+18,iranintlsport,0.0
1.04171e+18,AshkanHaifa,0.0
1.04199e+18,Booji_Mooji,0.0
1.02877e+18,IranIntl_En,0.0
1.02707e+18,basedakiva,0.0
1.04283e+18,mr_yousefi_,0.0
1.01575e+18,MinaAhadi9,0.0
1.01152e+18,k_maryam67,0.0
1.01168e+18,ghalamfarsa,0.0
1.01232e+18,smmirkhani,0.0
1.01243e+18,oootred18,0.0
1.01345e+18,618340878175g,0.0
1.01387e+18,Heviaaaaa,0.0
1.01394e+18,Cactustongue2,0.0
1.01396e+18,AliAshtari9,0.0
1.01483e+18,Naser_alhokama,0.0
1.01623e+18,HajipourShervin,0.0
1.02694e+18,JonathanHaroun1,0.0
1.01985e+18,NoaMagid,0.0
1.0201e+18,rnartike,0.0
1.02035e+18,seemorgh_anka,0.0
1.02112e+18,daystar98173834,0.0
1.02141e+18,Inter_4everr,0.0
1.02244e+18,cicikhanoom,0.0
1.02296e+18,Qaaaasem,0.0
1.02633e+18,bangekabir,0.0
1.02673e+18,iraj_mesdaghi,0.0
1.04254e+18,E6h6o5a3HyPp6EE,0.0
1.04318e+18,kayvanrassooli,0.0
1.07396e+18,Kamran99575602,0.0
1.06639e+18,Timesofgaza,0.0
1.05882e+18,truecoopspapa,0.0
1.05915e+18,Chetoriarzeshi,0.0
1.06234e+18,hanieh35,0.0
1.06271e+18,FARED_ALHOR,0.0
1.06428e+18,khandan__,0.0
1.06519e+18,shobin1414,0.0
1.06566e+18,indypersian,0.0
1.06568e+18,TigayBarry,0.0
1.06572e+18,sangtarash_azad,0.0
1.06679e+18,rkzasafari,0.0
1.05826e+18,MajidTavakolii,0.0
1.06723e+18,DeborahProudJew,0.0
1.06747e+18,SaeedKoushafar,0.0
1.06774e+18,DetectivePiyJey,0.0
1.06777e+18,varzeshmedia,0.0
1.06898e+18,panaaaaaaah,0.0
1.07025e+18,arantabitaa,0.0
1.07185e+18,shahriyar_shams,0.0
1.07215e+18,Survivor_2_,0.0
1.07266e+18,TPointUK,0.0
1.05829e+18,amirali_t2,0.0
1.05797e+18,Emen43054466,0.0
1.04319e+18,catturd2,0.0
1.05155e+18,FirstIBOX,0.0
1.04363e+18,venus133333,0.0
1.04487e+18,FarzandeIRAN123,0.0
1.0457e+18,fat_partisan,0.0
1.04823e+18,StopAntisemites,0.0
1.04855e+18,Smkokurd,0.0
1.04962e+18,occam_razor01,0.0
1.05048e+18,AuroraIntel,0.0
1.05121e+18,adrian_brodi,0.0
1.05121e+18,H_kiakojouri,0.0
1.05188e+18,ErnestMach39,0.0
1.05774e+18,Ardalan59247928,0.0
1.05188e+18,daryadarya2023,0.0
1.05266e+18,PeaceHappyJoy,0.0
1.05281e+18,KRadjabi,0.0
1.05304e+18,mmd026mrd,0.0
1.05358e+18,bayondor1320,0.0
1.05359e+18,Aminnab2,0.0
1.05511e+18,alireza_hosein,0.0
1.05609e+18,SilenceVoice00,0.0
1.0577e+18,i_am_pooya,0.0
1.16595e+18,bemirdgkiri,0.0
1.16948e+18,Alireza7553,0.0
1.01066e+18,Ali_Sn13,0.0
1.25219e+18,KiMo10626877,0.0
1.24742e+18,emhaash,0.0
1.24835e+18,parysatis_banoo,0.0
1.24915e+18,Ebne_noah,0.0
1.24918e+18,Mehr_mihan,0.0
1.24944e+18,Rppress0,0.0
1.25123e+18,hamidsanati6661,0.0
1.25148e+18,PahlaviahoraeeP,0.0
1.25153e+18,sina_kh93,0.0
1.25175e+18,JackieMeek6,0.0
1.2522e+18,omid_AV2,0.0
1.24681e+18,BarAndazAbadani,0.0
1.25233e+18,UncleRevi,0.0
1.25394e+18,rezaeipanah1,0.0
1.25582e+18,JaneVatan,0.0
1.25605e+18,RealDrAttari,0.0
1.25643e+18,ArvinAdriyan_IR,0.0
1.25686e+18,OutFarsi,0.0
1.25758e+18,banosuozan,0.0
1.25849e+18,MuradyDiako,0.0
1.25929e+18,nirvanalover83,0.0
1.24711e+18,SabaBakhtyari,0.0
1.24652e+18,emamjamkaroon,0.0
1.2614e+18,Afrasiabrap,0.0
1.24198e+18,Nushin76643881,0.0
1.23567e+18,hanitaiii,0.0
1.2364e+18,Iamtomm71846740,0.0
1.23645e+18,fridaaaaf,0.0
1.23804e+18,I2ationaL,0.0
1.23816e+18,esmaeils1169,0.0
1.23856e+18,REGIME_CHANGE03,0.0
1.23909e+18,hengmeham,0.0
1.24138e+18,Irandok99760678,0.0
1.24179e+18,j98str,0.0
1.24229e+18,Raha_B_E_1,0.0
1.24623e+18,RenzoGraciani,0.0
1.24291e+18,mogharebati,0.0
1.24309e+18,RealPersianGod,0.0
1.24317e+18,Sadegh_Hedayat7,0.0
1.2432e+18,mst12358132134,0.0
1.24354e+18,Jeanne2022Rev,0.0
1.24422e+18,MonirehKazemi,0.0
1.2447e+18,zarei_arad,0.0
1.24523e+18,shirin200400,0.0
1.24536e+18,coinicap,0.0
1.26053e+18,KingBacker1,0.0
1.26156e+18,Bri30s,0.0
1.23388e+18,Celia9008,0.0
1.28372e+18,JavadKrostami,0.0
1.28088e+18,Jesvinquotes,0.0
1.28108e+18,Kourosh_techart,0.0
1.28161e+18,Shakibafarnam2,0.0
1.28213e+18,Banafshehviola,0.0
1.28237e+18,Marsin63502389,0.0
1.28259e+18,PanahiRafiq,0.0
1.28292e+18,Veresk2020,0.0
1.28317e+18,OzerNazlii,0.0
1.28332e+18,Hakim62880888,0.0
1.28407e+18,honeybuty,0.0
1.27873e+18,sedaye_omiid,0.0
1.28485e+18,Arashghafari8,0.0
1.28494e+18,famildooriiiiii,0.0
1.28498e+18,LibertyIranian,0.0
1.28534e+18,lidiaa_aguilar,0.0
1.28654e+18,Camel6561,0.0
764537.0,AminSabeti,0.0
1.28819e+18,3ameffect_,0.0
1.28863e+18,LiberalArtist0,0.0
1.28879e+18,Mantil13,0.0
1.28075e+18,SsIiNnAaIRan,0.0
1.27661e+18,parli731,0.0
1.26181e+18,Banuirani84,0.0
1.26861e+18,An_Eastern_Girl,0.0
1.26199e+18,voriaghafuri,0.0
1.2625e+18,hastyarrr,0.0
1.26273e+18,Michael_Wgd,0.0
1.26361e+18,IranianPlateau,0.0
1.26471e+18,Hastowa,0.0
1.26517e+18,Yakhbandane,0.0
1.26561e+18,miniminiiyoongi,0.0
1.26644e+18,ShiraziShaheen,0.0
1.2668e+18,BeeVan88,0.0
1.26898e+18,hoda2728,0.0
1.27652e+18,FA59612572,0.0
1.27079e+18,SinaMobarez,0.0
1.27102e+18,Jila88514114,0.0
1.27151e+18,Sara_pl_ir,0.0
1.27188e+18,lkhakbarsaretl,0.0
1.27228e+18,SoroushRabiei,0.0
1.27336e+18,Chakavak_cherry,0.0
1.27352e+18,GhaviSisters,0.0
1.27355e+18,anar_khanoom,0.0
1.27513e+18,Halb0rz,0.0
1.23431e+18,Astarieee,0.0
1.23254e+18,windymileer,0.0
1.16972e+18,rahbar001,0.0
1.20105e+18,dHorsemanDeath,0.0
1.19659e+18,JimLaFleur10,0.0
1.19755e+18,amirancan,0.0
1.19866e+18,vantweet99,0.0
1.19869e+18,allahbakhshii,0.0
1.19903e+18,Mobak9020,0.0
1.19917e+18,Hourtaab,0.0
1.19963e+18,DanelBenNamer,0.0
1.19982e+18,pizza_facey,0.0
1.20001e+18,arsham_rezaee,0.0
1.20119e+18,Mohamad99209625,0.0
1.19517e+18,hanNa_ane,0.0
1.20152e+18,ADabestany,0.0
1.20193e+18,wheeee71,0.0
1.20232e+18,NaeimShahi_Nima,0.0
1.20236e+18,memar1982,0.0
1.20289e+18,pariar__,0.0
1.20337e+18,mikhake_noqrehi,0.0
1.2098e+18,baronessedulac,0.0
1.21049e+18,vahid_silent,0.0
1.21096e+18,Chimmmich,0.0
1.19599e+18,secular_d,0.0
1.19509e+18,eliiii984,0.0
1.21146e+18,MrDadsetan,0.0
1.1819e+18,19shiamir,0.0
1.17004e+18,mansurehhossai2,0.0
1.17095e+18,PesareKourosh,0.0
1.17146e+18,Maryammiiiii,0.0
1.17152e+18,Saraa_Sepid,0.0
1.17296e+18,Pushkinove,0.0
1.17563e+18,Jokernejad,0.0
1.17651e+18,sattarkhan121,0.0
1.18027e+18,Zeighamii,0.0
1.18105e+18,SedSulfuric,0.0
1.18385e+18,pershia22314145,0.0
1.19497e+18,hisnameisbojack,0.0
1.18603e+18,lecturiasus,0.0
1.18659e+18,Bahar__Bahari,0.0
1.18681e+18,Sepideh52191550,0.0
1.18708e+18,mansoureh_1996,0.0
1.18833e+18,Osinttechnical,0.0
1.18878e+18,BabakTaghvaee1,0.0
1.19147e+18,Dream_freedom1,0.0
1.19184e+18,juneslater17,0.0
1.19442e+18,merswan,0.0
1.21114e+18,AbousahlZoozani,0.0
1.21148e+18,lion_4_zion,0.0
1.23046e+18,APasserby12,0.0
1.2221e+18,Milad417,0.0
1.21967e+18,BeniSabti,0.0
1.2199e+18,Manijock,0.0
1.22023e+18,azam15330917,0.0
1.22029e+18,Hasti__amiri,0.0
1.2203e+18,Iac2023,0.0
1.22093e+18,Grrmanesh,0.0
1.22108e+18,s_a_b_s_a_b,0.0
1.22154e+18,ps752justice,0.0
1.22183e+18,XiyueWang9,0.0
1.22249e+18,grandmama98,0.0
1.21703e+18,ostovaran,0.0
1.22277e+18,visegrad24,0.0
1.22475e+18,Amardiyamm,0.0
1.22494e+18,pardis__rabiee,0.0
1.2259e+18,Fariba60867811,0.0
1.22688e+18,Sepehr_TheNK,0.0
1.2269e+18,ShayanX0,0.0
1.22864e+18,Alfredhitchbock,0.0
1.22877e+18,Him_wood,0.0
1.23014e+18,Mostafa19857636,0.0
1.21864e+18,yYh8x5hC6nxh1Wd,0.0
1.217e+18,kharkhali,0.0
1.21206e+18,BijanSazesh,0.0
1.21592e+18,Minou_Banou,0.0
1.2124e+18,IVANI4N,0.0
1.21278e+18,Osint613,0.0
1.21282e+18,honyblack1997,0.0
1.21344e+18,atari74930106,0.0
1.2137e+18,SamNoori1968,0.0
1.21432e+18,Habeh2023,0.0
1.21487e+18,maria74rzi,0.0
1.21539e+18,HaDs_gh_,0.0
1.21589e+18,navitehrani,0.0
1.21595e+18,rezahajilou,0.0
1.21684e+18,khoshnevisnaser,0.0
1.21595e+18,Elahe_Feminist,0.0
1.21608e+18,Nika_Sara_Thkr,0.0
1.21615e+18,____ROHI____,0.0
1.21622e+18,kosmopolitann,0.0
1.21632e+18,Seyyed_Zakariaa,0.0
1.21636e+18,parsdailynews1,0.0
1.21656e+18,behroozrezaei61,0.0
1.21659e+18,RShemroon,0.0
1.21659e+18,IRAJ2020,0.0
1.01104e+18,hamid_rav4,0.0
1.01021e+18,SiminDokhtz,0.0
4204440580.0,ManBarayeIran,0.0
8.2403e+17,rezaraul7,0.0
8.19964e+17,gaurdianofwater,0.0
8.21685e+17,Mohammad_kali,0.0
8.21996e+17,sherminnaderi,0.0
8.22188e+17,Parinaz_ETSM,0.0
8.22271e+17,aydin_areta,0.0
8.22347e+17,bluecrow111,0.0
8.22392e+17,Atefeh0__,0.0
8.22523e+17,MrsEllieh,0.0
8.22898e+17,janana653,0.0
8.24916e+17,MehdiHajati,0.0
8.18837e+17,EP_President,0.0
8.24934e+17,yoavgallant,0.0
8.2563e+17,Edd_persian,0.0
8.26089e+17,amirsld,0.0
8.26552e+17,IrTimes,0.0
8.28566e+17,HNeumannMEP,0.0
8.29019e+17,thewayoulookt,0.0
8.29627e+17,Mima_kapa,0.0
8.29734e+17,0DZiSITpiiNtEKe,0.0
8.29772e+17,Farid84150783,0.0
8.1923e+17,moh_heidari,0.0
8.18212e+17,InfoMansour,0.0
8.30055e+17,sohrabkarimi5,0.0
8.08471e+17,kouresh_kabir,0.0
7.99375e+17,lutrking,0.0
8.00045e+17,MohaIzadi,0.0
8.01203e+17,DrEliDavid,0.0
8.02011e+17,dscampaign1,0.0
8.02994e+17,navidmanam,0.0
8.03105e+17,MShakiba0,0.0
8.04249e+17,Israel_katz,0.0
8.06244e+17,kalbalouchi,0.0
8.07183e+17,HSheibanyrad,0.0
8.09557e+17,shortfairy809,0.0
8.17735e+17,GeneralAtabak,0.0
8.123e+17,allfatherrrrr,0.0
8.13405e+17,moradyw,0.0
8.14104e+17,RepBrianMast,0.0
8.14531e+17,RayTorabi8,0.0
8.14864e+17,patrick_jane77,0.0
8.15189e+17,gh0lch0magh,0.0
8.15194e+17,_connectedroots,0.0
8.15832e+17,Amir60118403,0.0
8.16504e+17,mansourinanloo,0.0
8.29814e+17,ferox_mehri,0.0
8.30726e+17,tired_phantom,0.0
7.97895e+17,ada_mash,0.0
8.67401e+17,JamaatMohamad,0.0
8.5846e+17,goushehneshin,0.0
8.59053e+17,RAMINKANTAL,0.0
8.62372e+17,DarGoldan2,0.0
8.641e+17,vahshate_shomam,0.0
8.64439e+17,HawarHelp,0.0
8.66023e+17,SEpidar151,0.0
8.66353e+17,Erfan_khosravi,0.0
8.67127e+17,HengawO,0.0
8.67127e+17,Mohammad64karim,0.0
8.68099e+17,cinemaa_1,0.0
8.57988e+17,esmailifarshad,0.0
8.68109e+17,mehdifily,0.0
8.68231e+17,powerpeople_,0.0
8.68905e+17,yarrahimehdi,0.0
8.69988e+17,shahinmilani81,0.0
8.72001e+17,NR2OH,0.0
8.72398e+17,SoudabehQaisari,0.0
8.72447e+17,farhad_mottaghi,0.0
8.72507e+17,Bahar_e_Azadi,0.0
8.72762e+17,Amir0x01,0.0
8.58411e+17,aferat74,0.0
8.56094e+17,abbbas1035,0.0
8.31526e+17,KFravahar,0.0
8.46046e+17,Davood_Souri,0.0
8.36038e+17,SamieSkyee,0.0
8.37739e+17,BaniTaherian,0.0
8.38643e+17,Sari_pishik,0.0
8.39104e+17,ADariush2536,0.0
8.40814e+17,sina_mim,0.0
8.42079e+17,nmi2nm,0.0
8.4366e+17,Gavaznab,0.0
8.45377e+17,TheHarrisSultan,0.0
8.45414e+17,mondajune,0.0
8.47301e+17,emilyshar1,0.0
8.55482e+17,historyinmemes,0.0
8.47723e+17,aban_khoonin,0.0
8.4862e+17,namira713,0.0
8.49025e+17,aliabyane,0.0
8.49543e+17,mahshid_nazemi,0.0
8.49819e+17,inavidoo,0.0
8.51214e+17,homelandnation,0.0
8.5175e+17,ChattanoogaRes1,0.0
8.53237e+17,pir_e_khereft,0.0
8.553e+17,HumansNoContext,0.0
7.99352e+17,aband0kht000,0.0
7.97201e+17,RepTenney,0.0
8.74629e+17,elicalebon,0.0
7.2372e+17,alireza82920462,0.0
7.13386e+17,leillinga,0.0
7.14077e+17,BehrangRahbari,0.0
7.14366e+17,nik_yousefi,0.0
7.16221e+17,C_AB_,0.0
7.17349e+17,pulsantedipausa,0.0
7.20676e+17,behzadm75,0.0
7.22529e+17,ACTBrigitte,0.0
7.22758e+17,YeOne_Rhie,0.0
7.22961e+17,shahram_sab,0.0
7.24171e+17,DeGraeveWies,0.0
7.11164e+17,AmirSoltanzade2,0.0
7.24353e+17,BaraneBahari123,0.0
7.2465e+17,injanebamin,0.0
7.24709e+17,R0tterdamer,0.0
7.25609e+17,EllaTravelsLove,0.0
7.2604e+17,ajibzade,0.0
7.27433e+17,GonenYonatan,0.0
7.28253e+17,IranIntl,0.0
7.28279e+17,jimy1__neutron,0.0
7.29966e+17,znbrahimi,0.0
7.11921e+17,karimbeigi,0.0
7.10746e+17,marianmeyer0,0.0
7.30148e+17,ali_h7521,0.0
4847086839.0,ahampay,0.0
4346255919.0,ImanOracle,0.0
4356461356.0,JC_Constantine,0.0
4414166913.0,SMostafaMoosavi,0.0
4420207816.0,kasrakarimi3,0.0
4651329203.0,IAFsite,0.0
4691437897.0,darrengrimes_,0.0
4776838734.0,banannafish,0.0
4795342575.0,amiiirhosseein,0.0
4799185575.0,ysabellahazan,0.0
4865550959.0,grandoldmemes,0.0
7.09799e+17,ateschgah,0.0
4904979732.0,honar1401,0.0
4914384040.0,TheBabylonBee,0.0
6.95054e+17,politicalelle,0.0
7.02078e+17,mariam_zadah,0.0
7.03815e+17,Verethragnan,0.0
7.04387e+17,RadArtemis56,0.0
7.05854e+17,Y0L0ISM,0.0
7.07231e+17,PeterSweden7,0.0
7.09153e+17,netanyahupersia,0.0
7.3013e+17,jilabani,0.0
7.31066e+17,Lotusbisscofs,0.0
7.97159e+17,tanhayektiger,0.0
7.74174e+17,TheMossadIL,0.0
7.60619e+17,CassandaneIran,0.0
7.65629e+17,kingof0011,0.0
7.66564e+17,HHeLLFireeeeee,0.0
7.68019e+17,joker_yaghi67,0.0
7.69194e+17,Fereshtetabani1,0.0
7.70969e+17,deafowl,0.0
7.72458e+17,ForadiMohammad,0.0
7.7304e+17,CFWIJ,0.0
7.73231e+17,FaranakAzad1,0.0
7.75067e+17,IranImmortals,0.0
7.59798e+17,fuckedupchill,0.0
7.75333e+17,PIR00Z,0.0
7.77159e+17,iFightForKids,0.0
7.85464e+17,Elyas_Cile,0.0
7.8586e+17,soheili84,0.0
7.88783e+17,LollllllaJR,0.0
7.92178e+17,MikeCrispi,0.0
7.9359e+17,claire_jungman,0.0
7.94531e+17,57hostage,0.0
7.95253e+17,bamdad2016irani,0.0
7.60475e+17,EhsanTmusique,0.0
7.58183e+17,salimklnr,0.0
7.33085e+17,Persuasion_elli,0.0
7.46818e+17,Rezza2b,0.0
7.34704e+17,AvonandsomerRob,0.0
7.37049e+17,YasMohammedxx,0.0
7.37388e+17,IsraelWarRoom,0.0
7.37495e+17,Elyria2016,0.0
7.4055e+17,OmidKT62,0.0
7.41464e+17,FarhadIraniiii,0.0
7.43211e+17,dariush_Zand,0.0
7.44257e+17,pouriy4,0.0
7.46768e+17,mahsairani44,0.0
7.48584e+17,Kingdom0fIran,0.0
7.58155e+17,MOSSADil,0.0
7.48963e+17,young_sheldon1,0.0
7.49552e+17,bahmandaroshafa,0.0
7.51764e+17,Marjillu,0.0
7.51812e+17,Catallaxii,0.0
7.51859e+17,Catjaan1,0.0
7.54719e+17,Terror_Alarm,0.0
7.54997e+17,NavidFarda,0.0
7.55076e+17,vahid_y1,0.0
7.56577e+17,NeginNiknaam0,0.0
8.73303e+17,Sadafbanooo,0.0
8.74897e+17,pesarejavoon,0.0
1.00984e+18,MansouriSirwan,0.0
9.75514e+17,alinaghi2018,0.0
9.63778e+17,Usebashi,0.0
9.63878e+17,AhouraaM,0.0
9.64787e+17,simin75689455,0.0
9.65716e+17,Kamand08853952,0.0
9.67326e+17,bad6an3,0.0
9.6771e+17,Rayan9717,0.0
9.69678e+17,StArian_97,0.0
9.73472e+17,GarbageHuman24,0.0
9.75495e+17,zhiyan_shah,0.0
9.76967e+17,chamli69,0.0
9.62387e+17,daneshgary,0.0
9.78606e+17,no_itsmyturn,0.0
9.78997e+17,BabakShekarabi,0.0
9.79547e+17,GadflyPersia,0.0
9.8115e+17,sakueedr7,0.0
9.81471e+17,keyonek1,0.0
9.81579e+17,MACSJ1149,0.0
9.82323e+17,miladb444,0.0
9.82662e+17,sina_jahaani,0.0
9.82873e+17,georg_patriot,0.0
9.63413e+17,johnsmithofiran,0.0
9.61742e+17,mark_d_wallace,0.0
9.84193e+17,etelaf10,0.0
9.51742e+17,Secolaic,0.0
9.49072e+17,arash_joudaki,0.0
9.4968e+17,MahmoudiSasan,0.0
9.49757e+17,mohsen671168,0.0
9.49759e+17,AmandaMary369,0.0
9.5008e+17,Irandoxt,0.0
9.50268e+17,AsgharSepehri,0.0
9.50657e+17,PesareIRANN,0.0
9.50767e+17,bohlooledivane,0.0
9.51222e+17,NickBuckleyMBE,0.0
9.52978e+17,Azadlavasani,0.0
9.61645e+17,AnneEstellaRock,0.0
9.53192e+17,DR_KEVIN00,0.0
9.53538e+17,SiamakEidin,0.0
9.53623e+17,rostami2b,0.0
9.54653e+17,dehkhodaaa,0.0
9.56251e+17,Vaghefiiman,0.0
9.58274e+17,afkaarenavid,0.0
9.59143e+17,studio_1357,0.0
9.59891e+17,hojjat_kalashi,0.0
9.6028e+17,itshamedfard,0.0
9.82979e+17,Mahan24727630,0.0
9.84701e+17,sweetwordsvaez,0.0
9.48969e+17,Unforgiven1371,0.0
1.00484e+18,OALD24,0.0
9.97167e+17,Mah_Shaaad,0.0
9.98289e+17,ordinaryman1980,0.0
9.98619e+17,kamangir_1,0.0
9.99485e+17,BamdadEtemad,0.0
1.00122e+18,Safa_8863,0.0
1.00193e+18,fariba312,0.0
1.00205e+18,IamZeus6,0.0
1.00215e+18,AfsoonAB,0.0
1.00397e+18,QawluAlsawarem,0.0
1.00518e+18,rish_germez,0.0
9.94707e+17,MahnazShirali,0.0
1.00519e+18,IranIntlbrk,0.0
1.00523e+18,fighte____r,0.0
1.00653e+18,Afshar070239441,0.0
1.00692e+18,faraaaz21_,0.0
1.00806e+18,Khomeini_fucker,0.0
1.00832e+18,Saman15216939,0.0
1.00837e+18,no_______idea,0.0
1.00884e+18,sedmamood,0.0
1.0091e+18,MaryamDior,0.0
9.96029e+17,NilofarMoradi2,0.0
9.94414e+17,Na_zzz_y,0.0
9.84887e+17,_KhodaBiamorz,0.0
9.90532e+17,Maryamshariatm,0.0
9.8498e+17,KamHengi,0.0
9.86232e+17,MarinaMedvin,0.0
9.86605e+17,MParsa56716832,0.0
9.87052e+17,pouyajegarvnd,0.0
9.88792e+17,AdamSmitm2018,0.0
9.89653e+17,shimababaeii,0.0
9.89802e+17,ZiaNabavi1,0.0
9.89887e+17,mahboubeh_mdi,0.0
9.9048e+17,M_R_Taheri,0.0
9.91331e+17,sanshothebailif,0.0
9.94277e+17,shayan_shahnazi,0.0
9.91596e+17,ltermehl,0.0
9.91646e+17,fromIranLand,0.0
9.9191e+17,k_Mostafavi,0.0
9.92124e+17,with_a_pear,0.0
9.93049e+17,aghaayekaaf,0.0
9.93184e+17,SFaeze_Alavi,0.0
9.93539e+17,israelrouydad,0.0
9.93942e+17,SnakeDocTop,0.0
9.94198e+17,mehdisasver,0.0
9.49023e+17,TheRitalin,0.0
9.48911e+17,shahintahmaseb,0.0
8.756e+17,ArezooAlizolfi,0.0
9.00996e+17,KhosroIsfahani,0.0
8.90881e+17,sorcererseducer,0.0
8.91346e+17,a8n3s,0.0
8.92204e+17,Alithegeek,0.0
8.92357e+17,cristoball1111,0.0
8.93444e+17,ImNotMarsh,0.0
8.94177e+17,AliAlimartin893,0.0
8.95538e+17,Soheil_alamiri,0.0
8.96666e+17,Me_Hamed_Myself,0.0
8.98098e+17,pumpdwight,0.0
9.01411e+17,Sooresrafill,0.0
8.88966e+17,FAli1969,0.0
9.03155e+17,iwasshiin,0.0
9.04044e+17,smaeel_azari,0.0
9.05154e+17,S_Bahraminejad,0.0
9.05359e+17,persephone7597,0.0
9.05563e+17,Global_Mil_Info,0.0
9.05711e+17,moohammadmajidi,0.0
9.05917e+17,shokrani_maryam,0.0
9.06579e+17,mlhobbyist,0.0
9.07607e+17,1hundredf,0.0
8.90062e+17,CollinRugg,0.0
8.88121e+17,ayatsubzero,0.0
9.09065e+17,nainraq,0.0
8.7842e+17,StupidJalal,0.0
8.75742e+17,AstroJaws,0.0
8.76751e+17,Mojtabapacino,0.0
8.7682e+17,mahdy_asady,0.0
8.76853e+17,khaabgardaan,0.0
8.76906e+17,ShahryarShefigh,0.0
8.77618e+17,reza_shafakhah,0.0
8.77999e+17,yaaKar1m,0.0
8.78302e+17,SavaSavadkoohi,0.0
8.78311e+17,nakcama,0.0
8.78897e+17,AntiProp_aganda,0.0
8.8628e+17,h4nni64l,0.0
8.79023e+17,MahmoudZibaie,0.0
8.7921e+17,SirousNikan,0.0
8.80802e+17,M_Rad43,0.0
8.81098e+17,Miss___monaliza,0.0
8.81243e+17,hubble098,0.0
8.83008e+17,zanzanza6789,0.0
8.84149e+17,saeedpaydarfard,0.0
8.84526e+17,NilofarAyoubi,0.0
8.86198e+17,TatiTatikon,0.0
9.08766e+17,theedrisishouse,0.0
9.10019e+17,Alinanvayi,0.0
9.47985e+17,MizrahiJew,0.0
9.47067e+17,alirezay2k,0.0
9.43503e+17,Sima_Sabet,0.0
9.4426e+17,L_khov,0.0
9.45669e+17,Khalifaevaz,0.0
9.45887e+17,alikarimi_ak8,0.0
9.45913e+17,YaldaRod,0.0
9.45924e+17,samrajabii,0.0
9.46107e+17,irani_engineer,0.0
9.46807e+17,iranovsky,0.0
9.46962e+17,HastiGh4,0.0
9.47099e+17,GMMMM32,0.0
9.40848e+17,hafezeh_tarikhi,0.0
9.47107e+17,Ansari_Bahman,0.0
9.47243e+17,AliHamid27,0.0
9.47314e+17,anosh3322,0.0
9.47323e+17,Hila1363,0.0
9.47627e+17,marjan_raad,0.0
9.47728e+17,FreedomBecon,0.0
9.47914e+17,Baharak_Irani,0.0
9.47924e+17,AlinejadMasih,0.0
9.47932e+17,DanielBordmanOG,0.0
9.43301e+17,JustinHaubrich,0.0
9.3805e+17,sazanist40,0.0
9.11309e+17,alilaaaas,0.0
9.21793e+17,Abtin_Pishdadi,0.0
9.1155e+17,ordii26,0.0
9.11978e+17,dariush_omran,0.0
9.15384e+17,NiohBerg,0.0
9.15875e+17,old_man1990,0.0
9.18198e+17,shahrad55,0.0
9.19726e+17,ArianArian00,0.0
9.20308e+17,sunnyshinelinee,0.0
9.20591e+17,M0rtezaaaa,0.0
9.21488e+17,iambnavi,0.0
9.253e+17,AmirwWeissbrod,0.0
9.36731e+17,HVerkiany,0.0
9.26031e+17,TheDrIman,0.0
9.2731e+17,ApostateProphet,0.0
9.27513e+17,ImtiazMadmood,0.0
9.28585e+17,khanoom_tameshk,0.0
9.28712e+17,saman_sarraf,0.0
9.30406e+17,iguana_yeka,0.0
9.32815e+17,thegeev_,0.0
9.35702e+17,HeKasrehCrisis,0.0
9.36411e+17,GladiatorOfShah,0.0
1.82333e+18,IranMonarchists,0.0
